series_id,family,subgroup,n_points,n_positive,rel_vus_pr,full_vus_pr,delta_vus_pr,eligible,positive_pool,nonpositive_pool,positive_median_target,positive_distance,nonpositive_median_target,nonpositive_distance,delta_rank_ascending,delta_rank_descending,positive_selection_rank,nonpositive_selection_rank
MSL__C-1,NASA,NASA-MSL,4422,312,0.4903365454014073,0.4110488669668958,-0.07928767843451151,True,False,True,0.029174905161014897,,-0.0154133437016728,0.06387433473283871,26,463,,135.0
MSL__C-2,NASA,NASA-MSL,2815,137,0.8358011472757286,0.8856034033445862,0.049802256068857575,True,True,False,0.029174905161014897,0.02062735090784268,-0.0154133437016728,,371,118,119.0,
MSL__D-14,NASA,NASA-MSL,6300,222,0.8552374764860985,0.9119111068018044,0.056673630315705936,True,True,False,0.029174905161014897,0.02749872515469104,-0.0154133437016728,,382,107,191.0,
MSL__D-15,NASA,NASA-MSL,4232,641,0.2395316836675228,0.2603509082398361,0.020819224572313277,True,True,False,0.029174905161014897,0.00835568058870162,-0.0154133437016728,,296,193,46.0,
MSL__D-16,NASA,NASA-MSL,3642,651,0.781840349257845,0.5352599229865208,-0.24658042627132415,True,False,True,0.029174905161014897,,-0.0154133437016728,0.23116708256965135,4,485,,157.0
MSL__F-4,NASA,NASA-MSL,5666,71,0.0996170669547834,0.193366993334371,0.0937499263795876,True,True,False,0.029174905161014897,0.0645750212185727,-0.0154133437016728,,425,64,265.0,
MSL__F-5,NASA,NASA-MSL,6520,151,0.2557620954044979,0.3855317024223298,0.1297696070178319,True,True,False,0.029174905161014897,0.10059470185681701,-0.0154133437016728,,446,43,286.0,
MSL__F-7,NASA,NASA-MSL,7565,423,0.8340374430013915,0.8358988455240463,0.0018614025226547648,True,True,False,0.029174905161014897,0.027313502638360132,-0.0154133437016728,,194,295,187.0,
MSL__F-8,NASA,NASA-MSL,5829,537,0.2238129442357082,0.1666365265338155,-0.05717641770189269,True,False,True,0.029174905161014897,,-0.0154133437016728,0.04176307400021989,39,450,,122.0
MSL__M-1,NASA,NASA-MSL,4486,1141,0.1768328224976212,0.1519686430933467,-0.02486417940427449,True,False,True,0.029174905161014897,,-0.0154133437016728,0.00945083570260169,72,417,,41.0
MSL__M-2,NASA,NASA-MSL,4485,1141,0.5859292860518098,0.5835221233599686,-0.002407162691841269,True,False,True,0.029174905161014897,,-0.0154133437016728,0.01300618100983153,125,364,,59.0
MSL__M-3,NASA,NASA-MSL,4164,251,0.3075471682265619,0.3075650365187866,1.786829222466535e-05,True,True,False,0.029174905161014897,0.02915703686879023,-0.0154133437016728,,161,328,224.0,
MSL__M-4,NASA,NASA-MSL,4114,251,0.4412303996744804,0.2149221289991662,-0.2263082706753142,True,False,True,0.029174905161014897,,-0.0154133437016728,0.2108949269736414,6,483,,155.0
MSL__M-5,NASA,NASA-MSL,4335,301,0.4998932796497204,0.3479136178675146,-0.1519796617822058,True,False,True,0.029174905161014897,,-0.0154133437016728,0.136566318080533,10,479,,151.0
MSL__M-6,NASA,NASA-MSL,3614,181,0.984774931989842,0.9860753236451286,0.0013003916552866146,True,True,False,0.029174905161014897,0.027874513505728282,-0.0154133437016728,,188,301,196.0,
MSL__M-7,NASA,NASA-MSL,3743,101,0.2001315420615556,0.204022799846589,0.0038912577850334085,True,True,False,0.029174905161014897,0.02528364737598149,-0.0154133437016728,,218,271,160.0,
MSL__P-10,NASA,NASA-MSL,10408,131,1.0,0.9999872022148084,-1.2797785191587252e-05,True,False,True,0.029174905161014897,,-0.0154133437016728,0.015400545916481212,152,337,,88.0
MSL__P-11,NASA,NASA-MSL,7504,228,0.5449966986477688,0.5822857919235838,0.03728909327581498,True,True,False,0.029174905161014897,0.00811418811480008,-0.0154133437016728,,341,148,44.0,
MSL__P-14,NASA,NASA-MSL,8980,181,1.0,1.0,0.0,True,False,True,0.029174905161014897,,-0.0154133437016728,0.0154133437016728,154,329,,90.0
MSL__P-15,NASA,NASA-MSL,6538,21,0.0952756425489068,0.2086464182045158,0.11337077565560899,True,True,False,0.029174905161014897,0.0841958704945941,-0.0154133437016728,,437,52,277.0,
MSL__S-2,NASA,NASA-MSL,2753,11,0.4854227260163841,0.5076538526050812,0.022231126588697137,True,True,False,0.029174905161014897,0.00694377857231776,-0.0154133437016728,,301,188,38.0,
MSL__T-12,NASA,NASA-MSL,3575,121,0.5570633325185912,0.580126826488997,0.023063493970405857,True,True,False,0.029174905161014897,0.00611141119060904,-0.0154133437016728,,305,184,33.0,
MSL__T-13,NASA,NASA-MSL,3575,252,0.4058385590129812,0.2961427206262448,-0.10969583838673641,True,False,True,0.029174905161014897,,-0.0154133437016728,0.09428249468506361,17,472,,144.0
MSL__T-4,NASA,NASA-MSL,4489,69,0.3138293133093975,0.4444416197224917,0.13061230641309418,True,True,False,0.029174905161014897,0.10143740125207928,-0.0154133437016728,,447,42,287.0,
MSL__T-5,NASA,NASA-MSL,4490,26,0.4840007689254303,0.4860979549825106,0.0020971860570803136,True,True,False,0.029174905161014897,0.027077719103934583,-0.0154133437016728,,199,290,182.0,
MSL__T-8,NASA,NASA-MSL,2267,102,0.5174084114779173,0.5359316598396318,0.018523248361714484,True,True,False,0.029174905161014897,0.010651656799300413,-0.0154133437016728,,290,199,60.0,
MSL__T-9,NASA,NASA-MSL,1535,112,0.6080991165688105,0.8705444265743826,0.26244531000557203,True,True,False,0.029174905161014897,0.23327040484455713,-0.0154133437016728,,479,10,319.0,
SMAP__A-1,NASA,NASA-SMAP,11520,85,0.7167392026374988,0.7314322541757218,0.014693051538222979,True,True,False,0.029174905161014897,0.014481853622791918,-0.0154133437016728,,274,215,86.0,
SMAP__A-2,NASA,NASA-SMAP,10562,111,0.506976071779124,0.3658150738292944,-0.14116099794982956,True,False,True,0.029174905161014897,,-0.0154133437016728,0.12574765424815676,13,476,,148.0
SMAP__A-3,NASA,NASA-SMAP,10941,186,0.2776776911602179,0.2424951128305193,-0.035182578329698594,True,False,True,0.029174905161014897,,-0.0154133437016728,0.019769234628025795,57,432,,104.0
SMAP__A-4,NASA,NASA-SMAP,10770,111,0.3951867213527356,0.3089149775535463,-0.08627174379918928,True,False,True,0.029174905161014897,,-0.0154133437016728,0.07085840009751648,23,466,,138.0
SMAP__A-5,NASA,NASA-SMAP,5398,51,0.310562572617201,0.3510846373540753,0.04052206473687431,True,True,False,0.029174905161014897,0.011347159575859411,-0.0154133437016728,,353,136,66.0,
SMAP__A-6,NASA,NASA-SMAP,5135,41,0.2277530276929937,0.2544334550252492,0.026680427332255535,True,True,False,0.029174905161014897,0.0024944778287593616,-0.0154133437016728,,318,171,10.0,
SMAP__A-7,NASA,NASA-SMAP,11510,2401,0.9969694026811222,0.9357342559883896,-0.06123514669273267,True,False,True,0.029174905161014897,,-0.0154133437016728,0.04582180299105987,38,451,,123.0
SMAP__A-8,NASA,NASA-SMAP,9137,3806,0.4916151379156072,0.5000656975359556,0.008450559620348463,True,True,False,0.029174905161014897,0.020724345540666433,-0.0154133437016728,,251,238,121.0,
SMAP__A-9,NASA,NASA-SMAP,9196,3865,0.3670242145232107,0.412076772160409,0.04505255763719829,True,True,False,0.029174905161014897,0.01587765247618339,-0.0154133437016728,,363,126,93.0,
SMAP__B-1,NASA,NASA-SMAP,10479,71,0.1808203533819266,0.2933723255583257,0.11255197217639912,True,True,False,0.029174905161014897,0.08337706701538422,-0.0154133437016728,,436,53,276.0,
SMAP__D-1,NASA,NASA-SMAP,11358,3259,0.2661096058200778,0.44496975485865,0.17886014903857217,True,True,False,0.029174905161014897,0.14968524387755727,-0.0154133437016728,,463,26,303.0,
SMAP__D-11,NASA,NASA-SMAP,10042,61,0.1867032110843262,0.2174396680093887,0.030736456925062494,True,True,False,0.029174905161014897,0.0015615517640475973,-0.0154133437016728,,326,163,7.0,
SMAP__D-12,NASA,NASA-SMAP,8230,2740,0.7738700213211939,0.8670390814990225,0.09316906017782867,True,True,False,0.029174905161014897,0.06399415501681377,-0.0154133437016728,,423,66,263.0,
SMAP__D-13,NASA,NASA-SMAP,9153,161,0.3268377029644869,0.4379352127811812,0.1110975098166943,True,True,False,0.029174905161014897,0.08192260465567941,-0.0154133437016728,,434,55,274.0,
SMAP__D-2,NASA,NASA-SMAP,11475,4218,0.3260340629031484,0.4628813028661711,0.13684723996302267,True,True,False,0.029174905161014897,0.10767233480200777,-0.0154133437016728,,452,37,292.0,
SMAP__D-3,NASA,NASA-SMAP,11520,3276,0.9211099184125882,0.9536138013848507,0.03250388297226259,True,True,False,0.029174905161014897,0.003328977811247691,-0.0154133437016728,,330,159,13.0,
SMAP__D-4,NASA,NASA-SMAP,11306,3248,0.8932185713892472,0.9002794202102486,0.007060848821001442,True,True,False,0.029174905161014897,0.022114056340013455,-0.0154133437016728,,245,244,129.0,
SMAP__D-5,NASA,NASA-SMAP,10189,51,0.1941536144072241,0.1601282510277843,-0.03402536337943979,True,False,True,0.029174905161014897,,-0.0154133437016728,0.01861201967776699,60,429,,101.0
SMAP__D-6,NASA,NASA-SMAP,10478,81,0.1802323458595121,0.18955920657172,0.009326860712207924,True,True,False,0.029174905161014897,0.019848044448806973,-0.0154133437016728,,256,233,115.0,
SMAP__D-7,NASA,NASA-SMAP,10225,2702,0.7877642447687621,0.9185232455752192,0.1307590008064572,True,True,False,0.029174905161014897,0.1015840956454423,-0.0154133437016728,,448,41,288.0,
SMAP__D-8,NASA,NASA-SMAP,10476,51,0.3987186294911777,0.3837869927836356,-0.014931636707542106,True,False,True,0.029174905161014897,,-0.0154133437016728,0.00048170699413069284,83,406,,4.0
SMAP__D-9,NASA,NASA-SMAP,9989,1156,0.1804227948871618,0.9213651718706168,0.740942376983455,True,True,False,0.029174905161014897,0.71176747182244,-0.0154133437016728,,486,3,326.0,
SMAP__E-1,NASA,NASA-SMAP,11396,508,0.6043340816026072,0.6650008197377931,0.06066673813518597,True,True,False,0.029174905161014897,0.031491832974171075,-0.0154133437016728,,389,100,229.0,
SMAP__E-10,NASA,NASA-SMAP,11385,322,0.6125767862265898,0.6346379286472423,0.02206114242065249,True,True,False,0.029174905161014897,0.007113762740362406,-0.0154133437016728,,300,189,39.0,
SMAP__E-11,NASA,NASA-SMAP,11394,295,0.6511869302700786,0.6755286757071755,0.024341745437096884,True,True,False,0.029174905161014897,0.004833159723918012,-0.0154133437016728,,310,179,23.0,
SMAP__E-12,NASA,NASA-SMAP,11392,583,0.440255366560493,0.4681151965026774,0.02785982994218439,True,True,False,0.029174905161014897,0.0013150752188305082,-0.0154133437016728,,321,168,5.0,
SMAP__E-13,NASA,NASA-SMAP,11520,264,0.2971710041819301,0.2940282998442141,-0.003142704337716018,True,False,True,0.029174905161014897,,-0.0154133437016728,0.012270639363956781,122,367,,56.0
SMAP__E-2,NASA,NASA-SMAP,11412,1398,0.4274095127671531,0.2995038151864024,-0.1279056975807507,True,False,True,0.029174905161014897,,-0.0154133437016728,0.11249235387907791,14,475,,147.0
SMAP__E-3,NASA,NASA-SMAP,11187,3213,0.2813444147992937,0.2987059847152449,0.017361569915951225,True,True,False,0.029174905161014897,0.011813335245063672,-0.0154133437016728,,284,205,70.0,
SMAP__E-4,NASA,NASA-SMAP,11234,2812,0.3772472402706355,0.2850134792098243,-0.09223376106081121,True,False,True,0.029174905161014897,,-0.0154133437016728,0.07682041735913842,22,467,,139.0
SMAP__E-5,NASA,NASA-SMAP,11174,321,0.152759281925516,0.1585327251374158,0.0057734432118997925,True,True,False,0.029174905161014897,0.023401461949115104,-0.0154133437016728,,239,250,138.0,
SMAP__E-6,NASA,NASA-SMAP,11180,66,0.232874175338003,0.2454287636850356,0.012554588347032603,True,True,False,0.029174905161014897,0.016620316813982294,-0.0154133437016728,,268,221,97.0,
SMAP__E-7,NASA,NASA-SMAP,11079,281,0.5507270455915793,0.5982602322408294,0.0475331866492501,True,True,False,0.029174905161014897,0.018358281488235206,-0.0154133437016728,,368,121,107.0,
SMAP__E-8,NASA,NASA-SMAP,11412,623,0.362909735513755,0.3119638609741769,-0.050945874539578107,True,False,True,0.029174905161014897,,-0.0154133437016728,0.03553253083790531,44,445,,117.0
SMAP__E-9,NASA,NASA-SMAP,11182,351,0.1689503451321513,0.1936821818253097,0.0247318366931584,True,True,False,0.029174905161014897,0.004443068467856498,-0.0154133437016728,,312,177,21.0,
SMAP__F-1,NASA,NASA-SMAP,11453,101,0.3833897465280337,0.3626149874292524,-0.020774759098781292,True,False,True,0.029174905161014897,,-0.0154133437016728,0.005361415397108493,76,413,,23.0
SMAP__F-2,NASA,NASA-SMAP,11487,2957,0.7856333634166529,0.7844513499418541,-0.0011820134747988487,True,False,True,0.029174905161014897,,-0.0154133437016728,0.01423133022687395,138,351,,73.0
SMAP__F-3,NASA,NASA-SMAP,11256,41,0.246886620755328,0.2158861023867589,-0.031000518368569097,True,False,True,0.029174905161014897,,-0.0154133437016728,0.015587174666896297,64,425,,97.0
SMAP__G-1,NASA,NASA-SMAP,11289,121,0.2629418831576989,0.1995961473911313,-0.0633457357665676,True,False,True,0.029174905161014897,,-0.0154133437016728,0.0479323920648948,36,453,,125.0
SMAP__G-2,NASA,NASA-SMAP,9839,41,0.5983610917302749,0.4398677608169701,-0.15849333091330475,True,False,True,0.029174905161014897,,-0.0154133437016728,0.14307998721163195,9,480,,152.0
SMAP__G-3,NASA,NASA-SMAP,10531,51,0.2597456729420412,0.2783104277641389,0.018564754822097684,True,True,False,0.029174905161014897,0.010610150338917212,-0.0154133437016728,,291,198,59.0,
SMAP__G-4,NASA,NASA-SMAP,10183,31,0.3853708132871372,0.40316429308448,0.017793479797342804,True,True,False,0.029174905161014897,0.011381425363672093,-0.0154133437016728,,287,202,67.0,
SMAP__G-6,NASA,NASA-SMAP,11521,101,0.2193475832764025,0.2272844400973135,0.007936856820910998,True,True,False,0.029174905161014897,0.0212380483401039,-0.0154133437016728,,247,242,125.0,
SMAP__G-7,NASA,NASA-SMAP,10475,268,0.5749016452738087,0.5404257154913943,-0.03447592978241443,True,False,True,0.029174905161014897,,-0.0154133437016728,0.019062586080741628,59,430,,102.0
SMAP__P-1,NASA,NASA-SMAP,11377,751,0.67380174245514,0.6565560803595565,-0.017245662095583536,True,False,True,0.029174905161014897,,-0.0154133437016728,0.0018323183939107368,79,410,,8.0
SMAP__P-3,NASA,NASA-SMAP,11348,1336,0.6100378726422507,0.6340025258543989,0.023964653212148135,True,True,False,0.029174905161014897,0.005210251948866762,-0.0154133437016728,,308,181,27.0,
SMAP__P-4,NASA,NASA-SMAP,10392,443,0.8297112445617784,0.8096959749721897,-0.020015269589588658,True,False,True,0.029174905161014897,,-0.0154133437016728,0.004601925887915859,77,412,,19.0
SMAP__P-7,NASA,NASA-SMAP,10924,1651,0.8666971003025337,0.8529117171795261,-0.013785383123007589,True,False,True,0.029174905161014897,,-0.0154133437016728,0.0016279605786652107,86,403,,7.0
SMAP__R-1,NASA,NASA-SMAP,10118,81,0.3586776416693223,0.3533643651585684,-0.005313276510753917,True,False,True,0.029174905161014897,,-0.0154133437016728,0.010100067190918882,113,376,,43.0
SMAP__S-1,NASA,NASA-SMAP,10149,448,0.777160815882342,0.8172193941816024,0.040058578299260406,True,True,False,0.029174905161014897,0.010883673138245509,-0.0154133437016728,,352,137,64.0,
SMAP__T-1,NASA,NASA-SMAP,11487,1536,0.5617046494705829,0.5484432319161346,-0.013261417554448207,True,False,True,0.029174905161014897,,-0.0154133437016728,0.002151926147224592,88,401,,10.0
SMAP__T-2,NASA,NASA-SMAP,11480,1785,0.1902844349501735,0.2253772042826431,0.0350927693324696,True,True,False,0.029174905161014897,0.0059178641714547064,-0.0154133437016728,,337,152,31.0,
SMAP__T-3,NASA,NASA-SMAP,11455,184,0.6595458626251705,0.6730720862729038,0.01352622364773337,True,True,False,0.029174905161014897,0.015648681513281526,-0.0154133437016728,,271,218,91.0,
YAHOOA1__real_1,Yahoo,Yahoo-A1,1420,2,0.9149282151155982,0.9542428614624376,0.039314646346839455,True,True,False,0.029174905161014897,0.010139741185824558,-0.0154133437016728,,349,140,57.0,
YAHOOA1__real_10,Yahoo,Yahoo-A1,1439,13,0.0882212954382417,0.2139366414377361,0.1257153459994944,True,True,False,0.029174905161014897,0.09654044083847951,-0.0154133437016728,,443,46,283.0,
YAHOOA1__real_11,Yahoo,Yahoo-A1,1439,19,0.0313164013776985,0.0437003503671862,0.012383948989487699,True,True,False,0.029174905161014897,0.016790956171527198,-0.0154133437016728,,267,222,98.0,
YAHOOA1__real_12,Yahoo,Yahoo-A1,1439,3,0.7317392467891309,0.7229563692861373,-0.008782877502993669,True,False,True,0.029174905161014897,,-0.0154133437016728,0.00663046619867913,105,384,,31.0
YAHOOA1__real_13,Yahoo,Yahoo-A1,1439,12,0.9549796670991983,0.9202488957701992,-0.034730771328999155,True,False,True,0.029174905161014897,,-0.0154133437016728,0.019317427627326356,58,431,,103.0
YAHOOA1__real_14,Yahoo,Yahoo-A1,1439,2,0.7002148910662565,0.7516009121037421,0.051386021037485685,True,True,False,0.029174905161014897,0.02221111587647079,-0.0154133437016728,,374,115,130.0,
YAHOOA1__real_15,Yahoo,Yahoo-A1,1439,10,0.9554498052305518,0.9173972451807282,-0.0380525600498236,True,False,True,0.029174905161014897,,-0.0154133437016728,0.022639216348150804,51,438,,110.0
YAHOOA1__real_16,Yahoo,Yahoo-A1,1461,3,0.8502080684356654,0.926048488881032,0.07584042044536654,True,True,False,0.029174905161014897,0.046665515284351644,-0.0154133437016728,,408,81,248.0,
YAHOOA1__real_17,Yahoo,Yahoo-A1,1424,227,0.9705119690966716,0.9862883572667044,0.015776388170032796,True,True,False,0.029174905161014897,0.013398516990982101,-0.0154133437016728,,280,209,78.0,
YAHOOA1__real_18,Yahoo,Yahoo-A1,1461,3,0.753709548154108,0.6442957099818366,-0.10941383817227135,True,False,True,0.029174905161014897,,-0.0154133437016728,0.09400049447059855,18,470,,142.0
YAHOOA1__real_19,Yahoo,Yahoo-A1,1424,227,0.923657647239836,0.9894557121098876,0.06579806487005158,True,True,False,0.029174905161014897,0.03662315970903668,-0.0154133437016728,,395,94,235.0,
YAHOOA1__real_2,Yahoo,Yahoo-A1,1439,16,0.8134857883339656,0.9421138844779716,0.12862809614400605,True,True,False,0.029174905161014897,0.09945319098299116,-0.0154133437016728,,444,45,284.0,
YAHOOA1__real_20,Yahoo,Yahoo-A1,1422,33,0.3616532183305759,0.4388361870849646,0.07718296875438868,True,True,False,0.029174905161014897,0.048008063593373784,-0.0154133437016728,,412,77,252.0,
YAHOOA1__real_21,Yahoo,Yahoo-A1,1420,6,0.9257540241893616,0.931333139859355,0.005579115669993362,True,True,False,0.029174905161014897,0.023595789491021535,-0.0154133437016728,,235,254,142.0,
YAHOOA1__real_22,Yahoo,Yahoo-A1,1420,63,0.1065205009871139,0.9974153947025658,0.8908948937154519,True,True,False,0.029174905161014897,0.8617199885544371,-0.0154133437016728,,488,1,328.0,
YAHOOA1__real_23,Yahoo,Yahoo-A1,1420,19,0.8730314131791527,0.8772505685856103,0.004219155406457675,True,True,False,0.029174905161014897,0.02495574975455722,-0.0154133437016728,,222,267,156.0,
YAHOOA1__real_24,Yahoo,Yahoo-A1,1461,16,0.9214366145081722,0.8884025800829356,-0.03303403442523656,True,False,True,0.029174905161014897,,-0.0154133437016728,0.01762069072356376,62,427,,99.0
YAHOOA1__real_25,Yahoo,Yahoo-A1,1435,43,0.0394668130039696,0.0738565973275893,0.0343897843236197,True,True,False,0.029174905161014897,0.005214879162604803,-0.0154133437016728,,335,154,28.0,
YAHOOA1__real_26,Yahoo,Yahoo-A1,1435,75,0.967068535772706,0.4145338651071028,-0.5525346706656032,True,False,True,0.029174905161014897,,-0.0154133437016728,0.5371213269639304,1,488,,160.0
YAHOOA1__real_27,Yahoo,Yahoo-A1,1427,2,0.5749459707882895,0.6136933120681481,0.03874734127985868,True,True,False,0.029174905161014897,0.009572436118843786,-0.0154133437016728,,345,144,51.0,
YAHOOA1__real_28,Yahoo,Yahoo-A1,1441,82,1.0,1.0,0.0,True,False,True,0.029174905161014897,,-0.0154133437016728,0.0154133437016728,155,330,,91.0
YAHOOA1__real_29,Yahoo,Yahoo-A1,1441,7,0.8689585710252244,0.919627028445186,0.05066845741996151,True,True,False,0.029174905161014897,0.021493552258946613,-0.0154133437016728,,373,116,127.0,
YAHOOA1__real_3,Yahoo,Yahoo-A1,1461,15,0.5254470715139243,0.5969587363329335,0.07151166481900917,True,True,False,0.029174905161014897,0.04233675965799427,-0.0154133437016728,,403,86,243.0,
YAHOOA1__real_30,Yahoo,Yahoo-A1,1461,9,0.5853184006186393,0.5982678238043194,0.012949423185680153,True,True,False,0.029174905161014897,0.016225481975334743,-0.0154133437016728,,270,219,94.0,
YAHOOA1__real_31,Yahoo,Yahoo-A1,1427,24,0.996969331704056,0.9695073958172706,-0.02746193588678536,True,False,True,0.029174905161014897,,-0.0154133437016728,0.012048592185112561,68,421,,53.0
YAHOOA1__real_32,Yahoo,Yahoo-A1,1427,47,0.9182464613360772,0.9423393320730248,0.024092870736947547,True,True,False,0.029174905161014897,0.00508203442406735,-0.0154133437016728,,309,180,25.0,
YAHOOA1__real_33,Yahoo,Yahoo-A1,1439,2,0.0192301289760153,0.0642213741274475,0.0449912451514322,True,True,False,0.029174905161014897,0.015816339990417302,-0.0154133437016728,,362,127,92.0,
YAHOOA1__real_34,Yahoo,Yahoo-A1,1427,7,0.9055281776381964,0.9334993260363774,0.027971148398181045,True,True,False,0.029174905161014897,0.001203756762833852,-0.0154133437016728,,322,167,4.0,
YAHOOA1__real_36,Yahoo,Yahoo-A1,1461,5,0.822656773469661,0.7931467280764847,-0.029510045393176365,True,False,True,0.029174905161014897,,-0.0154133437016728,0.014096701691503566,66,423,,70.0
YAHOOA1__real_37,Yahoo,Yahoo-A1,1434,34,0.5611912043251709,0.9661425689743766,0.40495136464920567,True,True,False,0.029174905161014897,0.3757764594881908,-0.0154133437016728,,484,5,324.0,
YAHOOA1__real_38,Yahoo,Yahoo-A1,1427,9,0.9561076298942344,0.9748033301970837,0.018695700302849283,True,True,False,0.029174905161014897,0.010479204858165614,-0.0154133437016728,,292,197,58.0,
YAHOOA1__real_39,Yahoo,Yahoo-A1,1427,10,0.7300549749242756,0.7046885516011212,-0.02536642332315442,True,False,True,0.029174905161014897,,-0.0154133437016728,0.00995307962148162,71,418,,42.0
YAHOOA1__real_4,Yahoo,Yahoo-A1,1423,5,0.1701757290349473,0.5160614458062243,0.345885716771277,True,True,False,0.029174905161014897,0.3167108116102621,-0.0154133437016728,,482,7,322.0,
YAHOOA1__real_40,Yahoo,Yahoo-A1,1427,80,0.908365650226253,0.7408003724291998,-0.1675652777970532,True,False,True,0.029174905161014897,,-0.0154133437016728,0.15215193409538041,7,482,,154.0
YAHOOA1__real_41,Yahoo,Yahoo-A1,1435,3,0.9531076667109268,0.958777926719988,0.005670260009061123,True,True,False,0.029174905161014897,0.023504645151953774,-0.0154133437016728,,236,253,141.0,
YAHOOA1__real_42,Yahoo,Yahoo-A1,1440,44,0.9979679957782008,0.9999932864006048,0.0020252906224039746,True,True,False,0.029174905161014897,0.027149614538610922,-0.0154133437016728,,197,292,184.0,
YAHOOA1__real_43,Yahoo,Yahoo-A1,1440,32,0.9089775073588906,0.9115919612502354,0.002614453891344848,True,True,False,0.029174905161014897,0.02656045126967005,-0.0154133437016728,,205,284,175.0,
YAHOOA1__real_44,Yahoo,Yahoo-A1,1461,9,0.7360971431813869,0.7777298496711186,0.04163270648973172,True,True,False,0.029174905161014897,0.012457801328716822,-0.0154133437016728,,355,134,73.0,
YAHOOA1__real_45,Yahoo,Yahoo-A1,1440,1,0.8361596600963614,0.9147885672596234,0.07862890716326199,True,True,False,0.029174905161014897,0.04945400200224709,-0.0154133437016728,,413,76,253.0,
YAHOOA1__real_46,Yahoo,Yahoo-A1,1441,109,0.5832747702484533,0.6152343689909429,0.03195959874248955,True,True,False,0.029174905161014897,0.002784693581474651,-0.0154133437016728,,328,161,11.0,
YAHOOA1__real_47,Yahoo,Yahoo-A1,1427,10,0.4964835466563213,0.4606617734622413,-0.035821773194079976,True,False,True,0.029174905161014897,,-0.0154133437016728,0.020408429492407176,55,434,,106.0
YAHOOA1__real_48,Yahoo,Yahoo-A1,1439,24,0.4203207551256924,0.4270987280921655,0.006777972966473089,True,True,False,0.029174905161014897,0.022396932194541808,-0.0154133437016728,,242,247,133.0,
YAHOOA1__real_49,Yahoo,Yahoo-A1,1461,3,0.753709548154108,0.6442957099818366,-0.10941383817227135,True,False,True,0.029174905161014897,,-0.0154133437016728,0.09400049447059855,19,471,,143.0
YAHOOA1__real_5,Yahoo,Yahoo-A1,1439,2,0.7195254529544366,0.6938848521296368,-0.025640600824799797,True,False,True,0.029174905161014897,,-0.0154133437016728,0.010227257123126998,70,419,,45.0
YAHOOA1__real_50,Yahoo,Yahoo-A1,1439,7,0.0260423086992968,0.0296221013956325,0.003579792696335699,True,True,False,0.029174905161014897,0.025595112464679198,-0.0154133437016728,,213,276,165.0,
YAHOOA1__real_51,Yahoo,Yahoo-A1,1427,4,0.929299909618371,0.9456104757810124,0.016310566162641482,True,True,False,0.029174905161014897,0.012864338998373415,-0.0154133437016728,,281,208,77.0,
YAHOOA1__real_52,Yahoo,Yahoo-A1,1432,11,0.9538249641189502,0.9383829035323868,-0.015442060586563389,True,False,True,0.029174905161014897,,-0.0154133437016728,2.8716884890589434e-05,80,409,,1.0
YAHOOA1__real_53,Yahoo,Yahoo-A1,1461,17,0.9902861746571364,0.9838599591186236,-0.006426215538512858,True,False,True,0.029174905161014897,,-0.0154133437016728,0.008987128163159941,112,377,,40.0
YAHOOA1__real_54,Yahoo,Yahoo-A1,741,4,0.8583157341469583,0.8667596961379626,0.008443961991004278,True,True,False,0.029174905161014897,0.02073094317001062,-0.0154133437016728,,250,239,122.0,
YAHOOA1__real_55,Yahoo,Yahoo-A1,1427,5,0.8239982680694867,0.8900874261296189,0.06608915806013216,True,True,False,0.029174905161014897,0.03691425289911726,-0.0154133437016728,,396,93,236.0,
YAHOOA1__real_56,Yahoo,Yahoo-A1,1427,5,0.9780457396580472,0.9818733559871312,0.003827616329084016,True,True,False,0.029174905161014897,0.02534728883193088,-0.0154133437016728,,217,272,161.0,
YAHOOA1__real_57,Yahoo,Yahoo-A1,1441,3,0.9993676605655828,0.9995677091104817,0.00020004854489885648,True,True,False,0.029174905161014897,0.02897485661611604,-0.0154133437016728,,170,319,215.0,
YAHOOA1__real_58,Yahoo,Yahoo-A1,1435,43,0.0387850007850094,0.4867038126172168,0.4479188118322074,True,True,False,0.029174905161014897,0.4187439066711925,-0.0154133437016728,,485,4,325.0,
YAHOOA1__real_6,Yahoo,Yahoo-A1,1439,8,0.0214925460514983,0.0597747702045762,0.0382822241530779,True,True,False,0.029174905161014897,0.009107318992063004,-0.0154133437016728,,344,145,49.0,
YAHOOA1__real_60,Yahoo,Yahoo-A1,1461,16,0.9593774519557005,0.9736202684187883,0.014242816463087893,True,True,False,0.029174905161014897,0.014932088697927004,-0.0154133437016728,,273,216,89.0,
YAHOOA1__real_61,Yahoo,Yahoo-A1,1441,24,0.3020884501797853,0.5777263196373448,0.27563786945755947,True,True,False,0.029174905161014897,0.24646296429654457,-0.0154133437016728,,481,8,321.0,
YAHOOA1__real_62,Yahoo,Yahoo-A1,741,7,0.9850743160608268,0.9835556764391152,-0.001518639621711615,True,False,True,0.029174905161014897,,-0.0154133437016728,0.013894704079961184,133,356,,67.0
YAHOOA1__real_63,Yahoo,Yahoo-A1,1439,8,0.0569782897271691,0.1183395248179666,0.0613612350907975,True,True,False,0.029174905161014897,0.032186329929782605,-0.0154133437016728,,392,97,232.0,
YAHOOA1__real_65,Yahoo,Yahoo-A1,1424,17,0.9780352416368048,0.999989522716095,0.021954281079290205,True,True,False,0.029174905161014897,0.007220624081724691,-0.0154133437016728,,299,190,41.0,
YAHOOA1__real_66,Yahoo,Yahoo-A1,1424,21,0.9984926956121004,0.9993638980388228,0.0008712024267223395,True,True,False,0.029174905161014897,0.028303702734292557,-0.0154133437016728,,180,309,204.0,
YAHOOA1__real_67,Yahoo,Yahoo-A1,1423,23,0.0577470883332193,0.8955048861715145,0.8377577978382952,True,True,False,0.029174905161014897,0.8085828926772802,-0.0154133437016728,,487,2,327.0,
YAHOOA1__real_7,Yahoo,Yahoo-A1,1423,61,0.5400814121188696,0.5504084339113081,0.010327021792438495,True,True,False,0.029174905161014897,0.0188478833685764,-0.0154133437016728,,261,228,109.0,
YAHOOA1__real_8,Yahoo,Yahoo-A1,1420,10,0.6799667781476867,0.8862012412826107,0.206234463134924,True,True,False,0.029174905161014897,0.1770595579739091,-0.0154133437016728,,471,18,311.0,
YAHOOA1__real_9,Yahoo,Yahoo-A1,1461,8,0.9639313536487346,0.995232747877113,0.03130139422837841,True,True,False,0.029174905161014897,0.002126489067363513,-0.0154133437016728,,327,162,9.0,
YAHOOA2__synthetic_1,Yahoo,Yahoo-A2,1421,4,0.7451815680964732,0.79767177077303,0.052490202676556796,True,True,False,0.029174905161014897,0.0233152975155419,-0.0154133437016728,,376,113,136.0,
YAHOOA2__synthetic_10,Yahoo,Yahoo-A2,1421,4,0.70078194510857,0.6650098292530668,-0.035772115855503106,True,False,True,0.029174905161014897,,-0.0154133437016728,0.020358772153830307,56,433,,105.0
YAHOOA2__synthetic_100,Yahoo,Yahoo-A2,1421,4,0.8249482981035119,0.8855363607021133,0.06058806259860139,True,True,False,0.029174905161014897,0.03141315743758649,-0.0154133437016728,,388,101,228.0,
YAHOOA2__synthetic_11,Yahoo,Yahoo-A2,1421,9,0.8244985219600286,0.8859202378499846,0.06142171588995604,True,True,False,0.029174905161014897,0.032246810728941144,-0.0154133437016728,,393,96,233.0,
YAHOOA2__synthetic_12,Yahoo,Yahoo-A2,1421,1,0.5643679342036669,0.4007562863824648,-0.16361164782120213,True,False,True,0.029174905161014897,,-0.0154133437016728,0.14819830411952933,8,481,,153.0
YAHOOA2__synthetic_13,Yahoo,Yahoo-A2,1421,4,0.6948128207293679,0.8300308854487549,0.13521806471938702,True,True,False,0.029174905161014897,0.10604315955837212,-0.0154133437016728,,451,38,291.0,
YAHOOA2__synthetic_14,Yahoo,Yahoo-A2,1421,9,0.7216968815052183,0.9285477691919626,0.2068508876867443,True,True,False,0.029174905161014897,0.17767598252572941,-0.0154133437016728,,472,17,312.0,
YAHOOA2__synthetic_15,Yahoo,Yahoo-A2,1421,1,0.3572805917994444,0.4050301393524724,0.047749547553028016,True,True,False,0.029174905161014897,0.01857464239201312,-0.0154133437016728,,369,120,108.0,
YAHOOA2__synthetic_16,Yahoo,Yahoo-A2,1421,4,0.6948833480637732,0.8335472302248431,0.13866388216106995,True,True,False,0.029174905161014897,0.10948897700005505,-0.0154133437016728,,453,36,293.0,
YAHOOA2__synthetic_17,Yahoo,Yahoo-A2,1421,9,0.7735254765562555,0.808853383926293,0.03532790737003755,True,True,False,0.029174905161014897,0.006153002209022651,-0.0154133437016728,,338,151,34.0,
YAHOOA2__synthetic_18,Yahoo,Yahoo-A2,1421,1,0.6807287082866847,0.665633950176948,-0.015094758109736706,True,False,True,0.029174905161014897,,-0.0154133437016728,0.0003185855919360936,82,407,,3.0
YAHOOA2__synthetic_19,Yahoo,Yahoo-A2,1421,4,0.8457210121493979,0.8229260181509896,-0.02279499399840823,True,False,True,0.029174905161014897,,-0.0154133437016728,0.007381650296735431,74,415,,32.0
YAHOOA2__synthetic_2,Yahoo,Yahoo-A2,1421,9,0.7973732737811399,0.8128607444989484,0.015487470717808538,True,True,False,0.029174905161014897,0.013687434443206359,-0.0154133437016728,,278,211,80.0,
YAHOOA2__synthetic_20,Yahoo,Yahoo-A2,1421,9,0.8456762270557078,0.8777770798694501,0.03210085281374231,True,True,False,0.029174905161014897,0.002925947652727412,-0.0154133437016728,,329,160,12.0,
YAHOOA2__synthetic_21,Yahoo,Yahoo-A2,1421,1,0.5305769393343555,0.5761960847010548,0.04561914536669931,True,True,False,0.029174905161014897,0.016444240205684413,-0.0154133437016728,,364,125,95.0,
YAHOOA2__synthetic_22,Yahoo,Yahoo-A2,1421,4,0.5874033053371154,0.7066763195963047,0.11927301425918935,True,True,False,0.029174905161014897,0.09009810909817445,-0.0154133437016728,,440,49,280.0,
YAHOOA2__synthetic_23,Yahoo,Yahoo-A2,1421,9,0.8101385458253831,0.8887937873579268,0.07865524153254366,True,True,False,0.029174905161014897,0.049480336371528766,-0.0154133437016728,,414,75,254.0,
YAHOOA2__synthetic_24,Yahoo,Yahoo-A2,1421,1,0.7247622709281097,0.66138028294482,-0.06338198798328976,True,False,True,0.029174905161014897,,-0.0154133437016728,0.04796864428161696,35,454,,126.0
YAHOOA2__synthetic_25,Yahoo,Yahoo-A2,1421,4,0.6755971850174486,0.8423387419749438,0.16674155695749526,True,True,False,0.029174905161014897,0.13756665179648037,-0.0154133437016728,,461,28,301.0,
YAHOOA2__synthetic_26,Yahoo,Yahoo-A2,1421,9,0.8690956242938022,0.7964001839940767,-0.07269544029972541,True,False,True,0.029174905161014897,,-0.0154133437016728,0.05728209659805261,30,459,,131.0
YAHOOA2__synthetic_27,Yahoo,Yahoo-A2,1421,1,0.4520564209513132,0.6122539969637724,0.16019757601245915,True,True,False,0.029174905161014897,0.13102267085144426,-0.0154133437016728,,459,30,299.0,
YAHOOA2__synthetic_28,Yahoo,Yahoo-A2,1421,4,0.640855482134751,0.8785436426947906,0.2376881605600396,True,True,False,0.029174905161014897,0.2085132553990247,-0.0154133437016728,,478,11,318.0,
YAHOOA2__synthetic_29,Yahoo,Yahoo-A2,1421,9,0.6733932683967829,0.806955043315529,0.1335617749187461,True,True,False,0.029174905161014897,0.1043868697577312,-0.0154133437016728,,450,39,290.0,
YAHOOA2__synthetic_3,Yahoo,Yahoo-A2,1421,1,0.5162941616792179,0.5958812466302557,0.07958708495103772,True,True,False,0.029174905161014897,0.050412179790022826,-0.0154133437016728,,415,74,255.0,
YAHOOA2__synthetic_30,Yahoo,Yahoo-A2,1421,1,0.4737256888936589,0.5849741823888275,0.11124849349516858,True,True,False,0.029174905161014897,0.08207358833415368,-0.0154133437016728,,435,54,275.0,
YAHOOA2__synthetic_31,Yahoo,Yahoo-A2,1421,4,0.5457996889424297,0.6919310310510655,0.14613134210863576,True,True,False,0.029174905161014897,0.11695643694762087,-0.0154133437016728,,455,34,295.0,
YAHOOA2__synthetic_32,Yahoo,Yahoo-A2,1421,9,0.79923572536199,0.8570240589594532,0.05778833359746327,True,True,False,0.029174905161014897,0.028613428436448374,-0.0154133437016728,,384,105,206.0,
YAHOOA2__synthetic_33,Yahoo,Yahoo-A2,1421,1,0.5923590766478596,0.448549770102851,-0.14380930654500856,True,False,True,0.029174905161014897,,-0.0154133437016728,0.12839596284333576,12,477,,149.0
YAHOOA2__synthetic_34,Yahoo,Yahoo-A2,1421,4,0.6894975058769581,0.7987048696918592,0.10920736381490104,True,True,False,0.029174905161014897,0.08003245865388614,-0.0154133437016728,,431,58,271.0,
YAHOOA2__synthetic_35,Yahoo,Yahoo-A2,1421,9,0.8380822045674835,0.909330298011297,0.07124809344381344,True,True,False,0.029174905161014897,0.042073188282798546,-0.0154133437016728,,402,87,242.0,
YAHOOA2__synthetic_36,Yahoo,Yahoo-A2,1421,1,0.3916532848262585,0.3938660805042854,0.002212795678026902,True,True,False,0.029174905161014897,0.026962109482987995,-0.0154133437016728,,200,289,181.0,
YAHOOA2__synthetic_37,Yahoo,Yahoo-A2,1421,4,0.8179127103225612,0.8744324975561495,0.0565197872335883,True,True,False,0.029174905161014897,0.027344882072573407,-0.0154133437016728,,381,108,188.0,
YAHOOA2__synthetic_38,Yahoo,Yahoo-A2,1421,9,0.6002505514727919,0.7111348068572779,0.11088425538448599,True,True,False,0.029174905161014897,0.08170935022347109,-0.0154133437016728,,433,56,273.0,
YAHOOA2__synthetic_39,Yahoo,Yahoo-A2,1421,1,0.7302659640467515,0.6558285130551695,-0.07443745099158194,True,False,True,0.029174905161014897,,-0.0154133437016728,0.059024107289909145,28,461,,133.0
YAHOOA2__synthetic_4,Yahoo,Yahoo-A2,1421,4,0.7366113546242673,0.731341998207828,-0.00526935641643933,True,False,True,0.029174905161014897,,-0.0154133437016728,0.010143987285233469,114,375,,44.0
YAHOOA2__synthetic_40,Yahoo,Yahoo-A2,1421,4,0.5612196942701614,0.5812060657453433,0.019986371475181897,True,True,False,0.029174905161014897,0.009188533685833,-0.0154133437016728,,295,194,50.0,
YAHOOA2__synthetic_41,Yahoo,Yahoo-A2,1421,9,0.7089571814628488,0.8817998139951273,0.1728426325322785,True,True,False,0.029174905161014897,0.1436677273712636,-0.0154133437016728,,462,27,302.0,
YAHOOA2__synthetic_42,Yahoo,Yahoo-A2,1421,1,0.6258910613385793,0.6189076599180073,-0.006983401420571966,True,False,True,0.029174905161014897,,-0.0154133437016728,0.008429942281100833,108,381,,36.0
YAHOOA2__synthetic_43,Yahoo,Yahoo-A2,1421,4,0.7371421805021059,0.8141216655326263,0.07697948503052043,True,True,False,0.029174905161014897,0.04780457986950554,-0.0154133437016728,,409,80,249.0,
YAHOOA2__synthetic_44,Yahoo,Yahoo-A2,1421,9,0.6914813317119127,0.8763748360160772,0.1848935043041645,True,True,False,0.029174905161014897,0.15571859914314962,-0.0154133437016728,,466,23,306.0,
YAHOOA2__synthetic_45,Yahoo,Yahoo-A2,1421,1,0.6573605535600526,0.6040793004023076,-0.05328125315774501,True,False,True,0.029174905161014897,,-0.0154133437016728,0.03786790945607221,43,446,,118.0
YAHOOA2__synthetic_46,Yahoo,Yahoo-A2,1421,4,0.7339705173232083,0.8185640267088032,0.08459350938559496,True,True,False,0.029174905161014897,0.05541860422458006,-0.0154133437016728,,419,70,259.0,
YAHOOA2__synthetic_47,Yahoo,Yahoo-A2,1421,9,0.7922598617473368,0.8071722581776516,0.014912396430314834,True,True,False,0.029174905161014897,0.014262508730700063,-0.0154133437016728,,276,213,84.0,
YAHOOA2__synthetic_48,Yahoo,Yahoo-A2,1421,1,0.6049567745739077,0.6805725987776048,0.07561582420369706,True,True,False,0.029174905161014897,0.04644091904268216,-0.0154133437016728,,407,82,247.0,
YAHOOA2__synthetic_49,Yahoo,Yahoo-A2,1421,4,0.749510421583626,0.8721249442989104,0.12261452271528439,True,True,False,0.029174905161014897,0.0934396175542695,-0.0154133437016728,,442,47,282.0,
YAHOOA2__synthetic_5,Yahoo,Yahoo-A2,1421,9,0.7754464010930722,0.7649517510085255,-0.010494650084546642,True,False,True,0.029174905161014897,,-0.0154133437016728,0.0049186936171261575,97,392,,21.0
YAHOOA2__synthetic_50,Yahoo,Yahoo-A2,1421,9,0.7892256531382491,0.7979118745557979,0.008686221417548823,True,True,False,0.029174905161014897,0.020488683743466074,-0.0154133437016728,,254,235,117.0,
YAHOOA2__synthetic_51,Yahoo,Yahoo-A2,1421,1,0.5494340411648072,0.6053531388460486,0.05591909768124137,True,True,False,0.029174905161014897,0.026744192520226473,-0.0154133437016728,,380,109,180.0,
YAHOOA2__synthetic_52,Yahoo,Yahoo-A2,1421,4,0.4901122635646192,0.6445737847659598,0.15446152120134066,True,True,False,0.029174905161014897,0.12528661604032576,-0.0154133437016728,,457,32,297.0,
YAHOOA2__synthetic_53,Yahoo,Yahoo-A2,1421,9,0.7205330625627326,0.8805885806397139,0.16005551807698126,True,True,False,0.029174905161014897,0.13088061291596637,-0.0154133437016728,,458,31,298.0,
YAHOOA2__synthetic_54,Yahoo,Yahoo-A2,1421,1,0.3960564134857715,0.2449782072604864,-0.15107820622528506,True,False,True,0.029174905161014897,,-0.0154133437016728,0.13566486252361226,11,478,,150.0
YAHOOA2__synthetic_55,Yahoo,Yahoo-A2,1421,4,0.695043300360363,0.8468976183577822,0.15185431799741922,True,True,False,0.029174905161014897,0.12267941283640432,-0.0154133437016728,,456,33,296.0,
YAHOOA2__synthetic_56,Yahoo,Yahoo-A2,1421,9,0.7819329233865726,0.9110489060327088,0.12911598264613622,True,True,False,0.029174905161014897,0.09994107748512132,-0.0154133437016728,,445,44,285.0,
YAHOOA2__synthetic_57,Yahoo,Yahoo-A2,1421,1,0.6209503113499776,0.6264504898281521,0.005500178478174522,True,True,False,0.029174905161014897,0.023674726682840375,-0.0154133437016728,,233,256,144.0,
YAHOOA2__synthetic_58,Yahoo,Yahoo-A2,1421,4,0.6217891750579914,0.8450706205519124,0.22328144549392104,True,True,False,0.029174905161014897,0.19410654033290614,-0.0154133437016728,,475,14,315.0,
YAHOOA2__synthetic_59,Yahoo,Yahoo-A2,1421,9,0.6406572630366025,0.8647281543683961,0.2240708913317936,True,True,False,0.029174905161014897,0.1948959861707787,-0.0154133437016728,,477,12,317.0,
YAHOOA2__synthetic_6,Yahoo,Yahoo-A2,1421,1,0.4193847048776584,0.4795470869303454,0.060162382052687036,True,True,False,0.029174905161014897,0.03098747689167214,-0.0154133437016728,,386,103,226.0,
YAHOOA2__synthetic_60,Yahoo,Yahoo-A2,1421,1,0.5625326048027873,0.5988961023101521,0.036363497507364784,True,True,False,0.029174905161014897,0.007188592346349887,-0.0154133437016728,,339,150,40.0,
YAHOOA2__synthetic_61,Yahoo,Yahoo-A2,1421,4,0.8320922759914265,0.7493271205451162,-0.08276515544631036,True,False,True,0.029174905161014897,,-0.0154133437016728,0.06735181174463756,25,464,,136.0
YAHOOA2__synthetic_62,Yahoo,Yahoo-A2,1421,9,0.8836021683945803,0.9093782745468232,0.025776106152242906,True,True,False,0.029174905161014897,0.003398799008771991,-0.0154133437016728,,317,172,14.0,
YAHOOA2__synthetic_63,Yahoo,Yahoo-A2,1421,1,0.5507571868094389,0.5906964461275582,0.03993925931811937,True,True,False,0.029174905161014897,0.010764354157104472,-0.0154133437016728,,350,139,62.0,
YAHOOA2__synthetic_64,Yahoo,Yahoo-A2,1421,4,0.6783426970432551,0.7149742007391187,0.03663150369586354,True,True,False,0.029174905161014897,0.007456598534848646,-0.0154133437016728,,340,149,42.0,
YAHOOA2__synthetic_65,Yahoo,Yahoo-A2,1421,9,0.8781293373186401,0.88979795321613,0.011668615897489909,True,True,False,0.029174905161014897,0.017506289263524988,-0.0154133437016728,,264,225,102.0,
YAHOOA2__synthetic_66,Yahoo,Yahoo-A2,1421,1,0.5680805982895467,0.6496940215628724,0.08161342327332566,True,True,False,0.029174905161014897,0.05243851811231076,-0.0154133437016728,,417,72,257.0,
YAHOOA2__synthetic_67,Yahoo,Yahoo-A2,1421,4,0.8359157774746394,0.8799986231433036,0.04408284566866416,True,True,False,0.029174905161014897,0.014907940507649264,-0.0154133437016728,,361,128,88.0,
YAHOOA2__synthetic_68,Yahoo,Yahoo-A2,1421,9,0.8924353793626214,0.776453088616451,-0.11598229074617039,True,False,True,0.029174905161014897,,-0.0154133437016728,0.10056894704449759,16,473,,145.0
YAHOOA2__synthetic_69,Yahoo,Yahoo-A2,1421,1,0.5307144041652269,0.5918131379133079,0.06109873374808106,True,True,False,0.029174905161014897,0.03192382858706616,-0.0154133437016728,,391,98,231.0,
YAHOOA2__synthetic_7,Yahoo,Yahoo-A2,1421,4,0.6962791535668453,0.886237284412233,0.1899581308453877,True,True,False,0.029174905161014897,0.1607832256843728,-0.0154133437016728,,467,22,307.0,
YAHOOA2__synthetic_70,Yahoo,Yahoo-A2,1421,4,0.8368796579359756,0.8761224577029453,0.03924279976696965,True,True,False,0.029174905161014897,0.010067894605954752,-0.0154133437016728,,347,142,55.0,
YAHOOA2__synthetic_71,Yahoo,Yahoo-A2,1421,9,0.6824458258399194,0.7920407602184675,0.10959493437854806,True,True,False,0.029174905161014897,0.08042002921753316,-0.0154133437016728,,432,57,272.0,
YAHOOA2__synthetic_72,Yahoo,Yahoo-A2,1421,1,0.5291772852390545,0.6092902738789702,0.08011298863991567,True,True,False,0.029174905161014897,0.050938083478900775,-0.0154133437016728,,416,73,256.0,
YAHOOA2__synthetic_73,Yahoo,Yahoo-A2,1421,4,0.7672209732286072,0.8402304985877466,0.0730095253591394,True,True,False,0.029174905161014897,0.04383462019812451,-0.0154133437016728,,404,85,244.0,
YAHOOA2__synthetic_74,Yahoo,Yahoo-A2,1421,9,0.8203177078033536,0.8884570395872919,0.06813933178393838,True,True,False,0.029174905161014897,0.03896442662292349,-0.0154133437016728,,399,90,239.0,
YAHOOA2__synthetic_75,Yahoo,Yahoo-A2,1421,1,0.6062598291527764,0.6318032803761202,0.025543451223343783,True,True,False,0.029174905161014897,0.003631453937671114,-0.0154133437016728,,313,176,18.0,
YAHOOA2__synthetic_76,Yahoo,Yahoo-A2,1421,4,0.746403051981774,0.8662395844589943,0.11983653247722026,True,True,False,0.029174905161014897,0.09066162731620536,-0.0154133437016728,,441,48,281.0,
YAHOOA2__synthetic_77,Yahoo,Yahoo-A2,1421,9,0.883599526014842,0.9000290382393091,0.01642951222446709,True,True,False,0.029174905161014897,0.012745392936547806,-0.0154133437016728,,282,207,74.0,
YAHOOA2__synthetic_78,Yahoo,Yahoo-A2,1421,1,0.4717245772286118,0.5128302519031352,0.041105674674523474,True,True,False,0.029174905161014897,0.011930769513508577,-0.0154133437016728,,354,135,72.0,
YAHOOA2__synthetic_79,Yahoo,Yahoo-A2,1421,4,0.8725823200184822,0.8863709183005417,0.013788598282059472,True,True,False,0.029174905161014897,0.015386306878955425,-0.0154133437016728,,272,217,90.0,
YAHOOA2__synthetic_8,Yahoo,Yahoo-A2,1421,9,0.7567366351469129,0.7526037082313237,-0.004132926915589197,True,False,True,0.029174905161014897,,-0.0154133437016728,0.011280416786083602,117,372,,48.0
YAHOOA2__synthetic_80,Yahoo,Yahoo-A2,1421,9,0.6967836255799902,0.790274451718668,0.09349082613867776,True,True,False,0.029174905161014897,0.06431592097766287,-0.0154133437016728,,424,65,264.0,
YAHOOA2__synthetic_81,Yahoo,Yahoo-A2,1421,1,0.4702419954955001,0.5760613160312206,0.10581932053572046,True,True,False,0.029174905161014897,0.07664441537470557,-0.0154133437016728,,429,60,269.0,
YAHOOA2__synthetic_82,Yahoo,Yahoo-A2,1421,4,0.8364076456452314,0.8246287270186327,-0.011778918626598744,True,False,True,0.029174905161014897,,-0.0154133437016728,0.0036344250750740548,91,398,,14.0
YAHOOA2__synthetic_83,Yahoo,Yahoo-A2,1421,9,0.8614854856779574,0.8958048777794935,0.03431939210153612,True,True,False,0.029174905161014897,0.00514448694052122,-0.0154133437016728,,334,155,26.0,
YAHOOA2__synthetic_84,Yahoo,Yahoo-A2,1421,1,0.5708544785069224,0.6101578622042357,0.03930338369731334,True,True,False,0.029174905161014897,0.010128478536298446,-0.0154133437016728,,348,141,56.0,
YAHOOA2__synthetic_85,Yahoo,Yahoo-A2,1421,4,0.7122317617074376,0.845142068598103,0.1329103068906654,True,True,False,0.029174905161014897,0.10373540172965051,-0.0154133437016728,,449,40,289.0,
YAHOOA2__synthetic_86,Yahoo,Yahoo-A2,1421,9,0.8916673689175729,0.9107762023819584,0.019108833464385522,True,True,False,0.029174905161014897,0.010066071696629375,-0.0154133437016728,,293,196,54.0,
YAHOOA2__synthetic_87,Yahoo,Yahoo-A2,1421,1,0.7084442807927238,0.645465942757003,-0.06297833803572084,True,False,True,0.029174905161014897,,-0.0154133437016728,0.04756499433404804,37,452,,124.0
YAHOOA2__synthetic_88,Yahoo,Yahoo-A2,1421,4,0.6791792961716969,0.874352925247941,0.19517362907624403,True,True,False,0.029174905161014897,0.16599872391522913,-0.0154133437016728,,469,20,309.0,
YAHOOA2__synthetic_89,Yahoo,Yahoo-A2,1421,9,0.8482709921379114,0.8759198545854612,0.027648862447549827,True,True,False,0.029174905161014897,0.00152604271346507,-0.0154133437016728,,320,169,6.0,
YAHOOA2__synthetic_9,Yahoo,Yahoo-A2,1421,1,0.526082972149902,0.5701147602089235,0.044031788059021526,True,True,False,0.029174905161014897,0.01485688289800663,-0.0154133437016728,,360,129,87.0,
YAHOOA2__synthetic_90,Yahoo,Yahoo-A2,1421,1,0.5374431824691104,0.6511115535534995,0.1136683710843891,True,True,False,0.029174905161014897,0.0844934659233742,-0.0154133437016728,,438,51,278.0,
YAHOOA2__synthetic_91,Yahoo,Yahoo-A2,1421,4,0.8520975782452113,0.8745403440358642,0.022442765790652963,True,True,False,0.029174905161014897,0.006732139370361934,-0.0154133437016728,,302,187,37.0,
YAHOOA2__synthetic_92,Yahoo,Yahoo-A2,1421,9,0.6087549656264469,0.7495311838277159,0.14077621820126895,True,True,False,0.029174905161014897,0.11160131304025406,-0.0154133437016728,,454,35,294.0,
YAHOOA2__synthetic_93,Yahoo,Yahoo-A2,1421,1,0.5845317554087427,0.6276354891313863,0.043103733722643645,True,True,False,0.029174905161014897,0.013928828561628748,-0.0154133437016728,,358,131,81.0,
YAHOOA2__synthetic_94,Yahoo,Yahoo-A2,1421,4,0.5374911751017947,0.7570046559180693,0.21951348081627464,True,True,False,0.029174905161014897,0.19033857565525975,-0.0154133437016728,,473,16,313.0,
YAHOOA2__synthetic_95,Yahoo,Yahoo-A2,1421,9,0.8299736653618155,0.904639219415032,0.07466555405321651,True,True,False,0.029174905161014897,0.04549064889220161,-0.0154133437016728,,406,83,246.0,
YAHOOA2__synthetic_96,Yahoo,Yahoo-A2,1421,1,0.6991034298269098,0.4658680926139035,-0.23323533721300627,True,False,True,0.029174905161014897,,-0.0154133437016728,0.21782199351133347,5,484,,156.0
YAHOOA2__synthetic_97,Yahoo,Yahoo-A2,1421,4,0.811530519775018,0.8803209114800905,0.0687903917050725,True,True,False,0.029174905161014897,0.03961548654405761,-0.0154133437016728,,400,89,240.0,
YAHOOA2__synthetic_98,Yahoo,Yahoo-A2,1421,9,0.8582619869310776,0.9133796330484774,0.05511764611739978,True,True,False,0.029174905161014897,0.02594274095638488,-0.0154133437016728,,378,111,169.0,
YAHOOA2__synthetic_99,Yahoo,Yahoo-A2,1421,1,0.4386604852942398,0.6185133194606222,0.17985283416638237,True,True,False,0.029174905161014897,0.15067792900536747,-0.0154133437016728,,464,25,304.0,
YAHOOA3__A3Benchmark-TS1,Yahoo,Yahoo-A3,1680,11,0.9793916491852284,0.9775781858278152,-0.0018134633574131698,True,False,True,0.029174905161014897,,-0.0154133437016728,0.01359988034425963,127,362,,61.0
YAHOOA3__A3Benchmark-TS10,Yahoo,Yahoo-A3,1680,10,0.9271998719825698,0.9794145945093324,0.052214722526762625,True,True,False,0.029174905161014897,0.023039817365747728,-0.0154133437016728,,375,114,135.0,
YAHOOA3__A3Benchmark-TS100,Yahoo,Yahoo-A3,1680,10,0.9515575368500284,0.9915868810408744,0.04002934419084603,True,True,False,0.029174905161014897,0.010854439029831131,-0.0154133437016728,,351,138,63.0,
YAHOOA3__A3Benchmark-TS11,Yahoo,Yahoo-A3,1680,7,0.877860626627271,0.8711607337202445,-0.00669989290702655,True,False,True,0.029174905161014897,,-0.0154133437016728,0.00871345079464625,111,378,,39.0
YAHOOA3__A3Benchmark-TS12,Yahoo,Yahoo-A3,1680,13,0.9925849763355166,0.993072177977358,0.00048720164184146153,True,True,False,0.029174905161014897,0.028687703519173435,-0.0154133437016728,,176,313,209.0,
YAHOOA3__A3Benchmark-TS13,Yahoo,Yahoo-A3,1680,9,0.9932087270601448,0.9951202764025864,0.001911549342441532,True,True,False,0.029174905161014897,0.027263355818573365,-0.0154133437016728,,195,294,186.0,
YAHOOA3__A3Benchmark-TS14,Yahoo,Yahoo-A3,1680,15,0.99815563146291,0.9998167146300808,0.0016610831671708404,True,True,False,0.029174905161014897,0.027513821993844056,-0.0154133437016728,,191,298,192.0,
YAHOOA3__A3Benchmark-TS15,Yahoo,Yahoo-A3,1680,6,0.8964833544334871,0.9149818026045632,0.018498448171076043,True,True,False,0.029174905161014897,0.010676456989938854,-0.0154133437016728,,289,200,61.0,
YAHOOA3__A3Benchmark-TS16,Yahoo,Yahoo-A3,1680,9,0.9986003035802564,0.997404499436394,-0.0011958041438624445,True,False,True,0.029174905161014897,,-0.0154133437016728,0.014217539557810355,137,352,,72.0
YAHOOA3__A3Benchmark-TS17,Yahoo,Yahoo-A3,1680,1,0.4770763384608645,0.5514628688108765,0.07438653035001197,True,True,False,0.029174905161014897,0.04521162518899707,-0.0154133437016728,,405,84,245.0,
YAHOOA3__A3Benchmark-TS18,Yahoo,Yahoo-A3,1680,12,0.9606862831030344,0.956261838364706,-0.00442444473832837,True,False,True,0.029174905161014897,,-0.0154133437016728,0.010988898963344429,116,373,,47.0
YAHOOA3__A3Benchmark-TS19,Yahoo,Yahoo-A3,1680,10,0.9673308765258384,0.976760441894066,0.009429565368227588,True,True,False,0.029174905161014897,0.01974533979278731,-0.0154133437016728,,257,232,114.0,
YAHOOA3__A3Benchmark-TS2,Yahoo,Yahoo-A3,1680,16,0.9092742324967364,0.9195219554299838,0.010247722933247383,True,True,False,0.029174905161014897,0.018927182227767514,-0.0154133437016728,,260,229,110.0,
YAHOOA3__A3Benchmark-TS20,Yahoo,Yahoo-A3,1680,12,0.9427489133864227,0.9509667301624388,0.008217816776016074,True,True,False,0.029174905161014897,0.020957088384998823,-0.0154133437016728,,248,241,124.0,
YAHOOA3__A3Benchmark-TS21,Yahoo,Yahoo-A3,1680,12,0.95128381415617,0.9769138050623358,0.0256299909061658,True,True,False,0.029174905161014897,0.0035449142548490964,-0.0154133437016728,,315,174,16.0,
YAHOOA3__A3Benchmark-TS22,Yahoo,Yahoo-A3,1680,4,0.6685571887466013,0.7147276202561498,0.04617043150954847,True,True,False,0.029174905161014897,0.016995526348533574,-0.0154133437016728,,365,124,99.0,
YAHOOA3__A3Benchmark-TS23,Yahoo,Yahoo-A3,1680,15,0.9976294982271507,0.9989048055039532,0.0012753072768024731,True,True,False,0.029174905161014897,0.027899597884212424,-0.0154133437016728,,186,303,198.0,
YAHOOA3__A3Benchmark-TS24,Yahoo,Yahoo-A3,1680,8,0.9405461183711314,0.9481930191120423,0.0076469007409109,True,True,False,0.029174905161014897,0.021528004420103997,-0.0154133437016728,,246,243,128.0,
YAHOOA3__A3Benchmark-TS25,Yahoo,Yahoo-A3,1680,2,0.6303877438551728,0.6192319933712581,-0.011155750483914706,True,False,True,0.029174905161014897,,-0.0154133437016728,0.004257593217758093,94,395,,17.0
YAHOOA3__A3Benchmark-TS26,Yahoo,Yahoo-A3,1680,11,0.9789406101103492,0.9773095181253628,-0.0016310919849863437,True,False,True,0.029174905161014897,,-0.0154133437016728,0.013782251716686456,130,359,,64.0
YAHOOA3__A3Benchmark-TS27,Yahoo,Yahoo-A3,1680,9,0.9518412984225996,0.9728774587104968,0.021036160287897232,True,True,False,0.029174905161014897,0.008138744873117665,-0.0154133437016728,,297,192,45.0,
YAHOOA3__A3Benchmark-TS28,Yahoo,Yahoo-A3,1680,2,0.8918642010624911,0.945723866710464,0.053859665647972954,True,True,False,0.029174905161014897,0.024684760486958057,-0.0154133437016728,,377,112,153.0,
YAHOOA3__A3Benchmark-TS29,Yahoo,Yahoo-A3,1680,4,0.7322649832887371,0.7654996929170877,0.03323470962835062,True,True,False,0.029174905161014897,0.004059804467335726,-0.0154133437016728,,332,157,20.0,
YAHOOA3__A3Benchmark-TS3,Yahoo,Yahoo-A3,1680,6,0.8528878371544949,0.913314157095599,0.060426319941104145,True,True,False,0.029174905161014897,0.03125141478008925,-0.0154133437016728,,387,102,227.0,
YAHOOA3__A3Benchmark-TS30,Yahoo,Yahoo-A3,1680,8,0.9794241718022664,0.9822636476675476,0.0028394758652812158,True,True,False,0.029174905161014897,0.02633542929573368,-0.0154133437016728,,207,282,173.0,
YAHOOA3__A3Benchmark-TS31,Yahoo,Yahoo-A3,1680,7,0.9135502940411389,0.9566980004635214,0.043147706422382526,True,True,False,0.029174905161014897,0.013972801261367629,-0.0154133437016728,,359,130,82.0,
YAHOOA3__A3Benchmark-TS32,Yahoo,Yahoo-A3,1680,14,0.9967204334866048,0.9987725499502532,0.0020521164636484457,True,True,False,0.029174905161014897,0.02712278869736645,-0.0154133437016728,,198,291,183.0,
YAHOOA3__A3Benchmark-TS33,Yahoo,Yahoo-A3,1680,8,0.8984071087145212,0.8951981709433874,-0.0032089377711338463,True,False,True,0.029174905161014897,,-0.0154133437016728,0.012204405930538953,121,368,,54.0
YAHOOA3__A3Benchmark-TS34,Yahoo,Yahoo-A3,1680,1,0.8124746812749561,0.7449988394784797,-0.06747584179647648,True,False,True,0.029174905161014897,,-0.0154133437016728,0.05206249809480368,32,457,,129.0
YAHOOA3__A3Benchmark-TS35,Yahoo,Yahoo-A3,1680,3,0.8201441501728415,0.8093672144141922,-0.010776935758649242,True,False,True,0.029174905161014897,,-0.0154133437016728,0.004636407943023557,96,393,,20.0
YAHOOA3__A3Benchmark-TS36,Yahoo,Yahoo-A3,1680,4,0.8336625480101706,0.8944102891521115,0.060747741141940925,True,True,False,0.029174905161014897,0.03157283598092603,-0.0154133437016728,,390,99,230.0,
YAHOOA3__A3Benchmark-TS37,Yahoo,Yahoo-A3,1680,10,0.8840779273413873,0.8477784276941978,-0.03629949964718959,True,False,True,0.029174905161014897,,-0.0154133437016728,0.020886155945516793,53,436,,108.0
YAHOOA3__A3Benchmark-TS38,Yahoo,Yahoo-A3,1680,3,0.9255314519953974,0.9305302359850074,0.004998783989609956,True,True,False,0.029174905161014897,0.02417612117140494,-0.0154133437016728,,228,261,149.0,
YAHOOA3__A3Benchmark-TS39,Yahoo,Yahoo-A3,1680,12,0.842723934453443,0.8769710968376699,0.03424716238422698,True,True,False,0.029174905161014897,0.005072257223212084,-0.0154133437016728,,333,156,24.0,
YAHOOA3__A3Benchmark-TS4,Yahoo,Yahoo-A3,1680,6,0.8113479418532806,0.8587594035054893,0.047411461652208664,True,True,False,0.029174905161014897,0.018236556491193767,-0.0154133437016728,,366,122,105.0,
YAHOOA3__A3Benchmark-TS40,Yahoo,Yahoo-A3,1680,10,0.9411781608784536,0.929114926484328,-0.0120632343941256,True,False,True,0.029174905161014897,,-0.0154133437016728,0.0033501093075472,89,400,,12.0
YAHOOA3__A3Benchmark-TS41,Yahoo,Yahoo-A3,1680,14,0.9916928320422757,0.993285122494924,0.001592290452648304,True,True,False,0.029174905161014897,0.027582614708366593,-0.0154133437016728,,190,299,193.0,
YAHOOA3__A3Benchmark-TS42,Yahoo,Yahoo-A3,1680,16,0.993540383135748,0.9952668669267036,0.0017264837909556352,True,True,False,0.029174905161014897,0.02744842137005926,-0.0154133437016728,,192,297,190.0,
YAHOOA3__A3Benchmark-TS43,Yahoo,Yahoo-A3,1680,15,0.9663515270838918,0.9707077481188224,0.004356221034930607,True,True,False,0.029174905161014897,0.02481868412608429,-0.0154133437016728,,224,265,154.0,
YAHOOA3__A3Benchmark-TS44,Yahoo,Yahoo-A3,1680,16,0.9996785629587692,0.9999721412166148,0.00029357825784559477,True,True,False,0.029174905161014897,0.028881326903169302,-0.0154133437016728,,171,318,214.0,
YAHOOA3__A3Benchmark-TS45,Yahoo,Yahoo-A3,1680,5,0.7963744685771884,0.8734395656314079,0.07706509705421949,True,True,False,0.029174905161014897,0.04789019189320459,-0.0154133437016728,,411,78,251.0,
YAHOOA3__A3Benchmark-TS46,Yahoo,Yahoo-A3,1680,3,0.7682952588680438,0.8072898226275352,0.038994563759491396,True,True,False,0.029174905161014897,0.0098196585984765,-0.0154133437016728,,346,143,53.0,
YAHOOA3__A3Benchmark-TS47,Yahoo,Yahoo-A3,1680,15,0.9908129055023012,0.9999523771683756,0.009139471666074428,True,True,False,0.029174905161014897,0.02003543349494047,-0.0154133437016728,,255,234,116.0,
YAHOOA3__A3Benchmark-TS48,Yahoo,Yahoo-A3,1680,13,1.0,0.99958618870924,-0.00041381129076001333,True,False,True,0.029174905161014897,,-0.0154133437016728,0.014999532410912786,145,344,,81.0
YAHOOA3__A3Benchmark-TS49,Yahoo,Yahoo-A3,1680,16,0.9940318612975168,0.9842586914065944,-0.009773169890922362,True,False,True,0.029174905161014897,,-0.0154133437016728,0.005640173810750437,99,390,,24.0
YAHOOA3__A3Benchmark-TS5,Yahoo,Yahoo-A3,1680,2,0.643230478646808,0.7489506684123508,0.10572018976554276,True,True,False,0.029174905161014897,0.07654528460452786,-0.0154133437016728,,428,61,268.0,
YAHOOA3__A3Benchmark-TS50,Yahoo,Yahoo-A3,1680,7,0.9998065198525592,0.9999154240307784,0.00010890417821918241,True,True,False,0.029174905161014897,0.029066000982795714,-0.0154133437016728,,168,321,217.0,
YAHOOA3__A3Benchmark-TS51,Yahoo,Yahoo-A3,1680,13,0.9461345709220992,0.942065099322559,-0.0040694715995401864,True,False,True,0.029174905161014897,,-0.0154133437016728,0.011343872102132613,118,371,,49.0
YAHOOA3__A3Benchmark-TS52,Yahoo,Yahoo-A3,1680,6,0.9820749874108222,0.9807436623092116,-0.0013313251016106031,True,False,True,0.029174905161014897,,-0.0154133437016728,0.014082018600062196,135,354,,69.0
YAHOOA3__A3Benchmark-TS53,Yahoo,Yahoo-A3,1680,15,0.9656790394531758,0.9656339698573996,-4.506959577621483e-05,True,False,True,0.029174905161014897,,-0.0154133437016728,0.015368274105896584,151,338,,87.0
YAHOOA3__A3Benchmark-TS54,Yahoo,Yahoo-A3,1680,16,0.9948983463224768,0.9953678596014216,0.0004695132789448442,True,True,False,0.029174905161014897,0.028705391882070053,-0.0154133437016728,,174,315,211.0,
YAHOOA3__A3Benchmark-TS55,Yahoo,Yahoo-A3,1680,12,0.9913383112256484,0.9914237998108872,8.54885852388243e-05,True,True,False,0.029174905161014897,0.029089416575776073,-0.0154133437016728,,164,325,221.0,
YAHOOA3__A3Benchmark-TS56,Yahoo,Yahoo-A3,1680,1,0.4443062722323475,0.5086258757112638,0.06431960347891635,True,True,False,0.029174905161014897,0.03514469831790146,-0.0154133437016728,,394,95,234.0,
YAHOOA3__A3Benchmark-TS57,Yahoo,Yahoo-A3,1680,9,0.9387075005815738,0.9765790972752524,0.037871596693678566,True,True,False,0.029174905161014897,0.00869669153266367,-0.0154133437016728,,342,147,47.0,
YAHOOA3__A3Benchmark-TS58,Yahoo,Yahoo-A3,1680,3,0.932638798937842,0.9113904946172952,-0.021248304320546807,True,False,True,0.029174905161014897,,-0.0154133437016728,0.005834960618874008,75,414,,25.0
YAHOOA3__A3Benchmark-TS59,Yahoo,Yahoo-A3,1680,11,0.8695282966687188,0.911540747871988,0.04201245120326924,True,True,False,0.029174905161014897,0.012837546042254344,-0.0154133437016728,,357,132,76.0,
YAHOOA3__A3Benchmark-TS6,Yahoo,Yahoo-A3,1680,6,0.9503784913691424,0.952901467763833,0.002522976394690568,True,True,False,0.029174905161014897,0.02665192876632433,-0.0154133437016728,,204,285,176.0,
YAHOOA3__A3Benchmark-TS60,Yahoo,Yahoo-A3,1680,12,0.8296046535457026,0.7994701309131418,-0.03013452263256078,True,False,True,0.029174905161014897,,-0.0154133437016728,0.01472117893088798,65,424,,76.0
YAHOOA3__A3Benchmark-TS61,Yahoo,Yahoo-A3,1680,13,0.9647176629562668,0.9885510284257564,0.023833365469489554,True,True,False,0.029174905161014897,0.005341539691525343,-0.0154133437016728,,307,182,29.0,
YAHOOA3__A3Benchmark-TS62,Yahoo,Yahoo-A3,1680,12,0.943865490095699,0.941763218702368,-0.002102271393330968,True,False,True,0.029174905161014897,,-0.0154133437016728,0.013311072308341831,126,363,,60.0
YAHOOA3__A3Benchmark-TS63,Yahoo,Yahoo-A3,1680,10,0.9713448508778092,0.9893776418055824,0.018032790927773212,True,True,False,0.029174905161014897,0.011142114233241684,-0.0154133437016728,,288,201,65.0,
YAHOOA3__A3Benchmark-TS64,Yahoo,Yahoo-A3,1680,8,0.981262205303995,0.986076615177762,0.004814409873767023,True,True,False,0.029174905161014897,0.024360495287247874,-0.0154133437016728,,225,264,152.0,
YAHOOA3__A3Benchmark-TS65,Yahoo,Yahoo-A3,1680,7,0.9463436718333728,0.9322105519140812,-0.014133119919291559,True,False,True,0.029174905161014897,,-0.0154133437016728,0.0012802237823812401,85,404,,6.0
YAHOOA3__A3Benchmark-TS66,Yahoo,Yahoo-A3,1680,1,0.4271107277868323,0.5446681576253721,0.11755742983853984,True,True,False,0.029174905161014897,0.08838252467752494,-0.0154133437016728,,439,50,279.0,
YAHOOA3__A3Benchmark-TS67,Yahoo,Yahoo-A3,1680,16,0.9804620091783058,0.9774708667415356,-0.0029911424367702333,True,False,True,0.029174905161014897,,-0.0154133437016728,0.012422201264902566,124,365,,58.0
YAHOOA3__A3Benchmark-TS68,Yahoo,Yahoo-A3,1680,16,0.97902848798452,0.9876823315460782,0.008653843561558183,True,True,False,0.029174905161014897,0.020521061599456714,-0.0154133437016728,,253,236,118.0,
YAHOOA3__A3Benchmark-TS69,Yahoo,Yahoo-A3,1680,7,0.9748992082459148,0.9697609984109584,-0.0051382098349563865,True,False,True,0.029174905161014897,,-0.0154133437016728,0.010275133866716413,115,374,,46.0
YAHOOA3__A3Benchmark-TS7,Yahoo,Yahoo-A3,1680,5,0.9649759286544364,0.9647440839373854,-0.00023184471705095522,True,False,True,0.029174905161014897,,-0.0154133437016728,0.015181498984621844,147,342,,83.0
YAHOOA3__A3Benchmark-TS70,Yahoo,Yahoo-A3,1680,9,0.885563605017323,0.8426335905186039,-0.04293001449871914,True,False,True,0.029174905161014897,,-0.0154133437016728,0.02751667079704634,49,440,,112.0
YAHOOA3__A3Benchmark-TS71,Yahoo,Yahoo-A3,1680,16,0.9904927467671474,0.9905898186628466,9.707189569918562e-05,True,True,False,0.029174905161014897,0.02907783326531571,-0.0154133437016728,,167,322,218.0,
YAHOOA3__A3Benchmark-TS72,Yahoo,Yahoo-A3,1680,8,0.9416197903191794,0.9398759890900422,-0.0017438012291371985,True,False,True,0.029174905161014897,,-0.0154133437016728,0.0136695424725356,128,361,,62.0
YAHOOA3__A3Benchmark-TS73,Yahoo,Yahoo-A3,1680,15,0.9162558465400624,0.9755135352333,0.059257688693237554,True,True,False,0.029174905161014897,0.030082783532222657,-0.0154133437016728,,385,104,225.0,
YAHOOA3__A3Benchmark-TS74,Yahoo,Yahoo-A3,1680,6,0.9050393043516368,0.9469798765455136,0.04194057219387681,True,True,False,0.029174905161014897,0.012765667032861916,-0.0154133437016728,,356,133,75.0,
YAHOOA3__A3Benchmark-TS75,Yahoo,Yahoo-A3,1680,14,0.998658708611015,0.998752954576664,9.424596564899801e-05,True,True,False,0.029174905161014897,0.0290806591953659,-0.0154133437016728,,165,324,220.0,
YAHOOA3__A3Benchmark-TS76,Yahoo,Yahoo-A3,1680,5,0.9342778782498246,0.9069921751671656,-0.027285703082658985,True,False,True,0.029174905161014897,,-0.0154133437016728,0.011872359380986186,69,420,,51.0
YAHOOA3__A3Benchmark-TS77,Yahoo,Yahoo-A3,1680,16,0.9921935771057734,0.9979014284344369,0.005707851328663471,True,True,False,0.029174905161014897,0.023467053832351426,-0.0154133437016728,,237,252,140.0,
YAHOOA3__A3Benchmark-TS78,Yahoo,Yahoo-A3,1680,15,0.9837207622317856,0.9734625115894412,-0.010258250642344424,True,False,True,0.029174905161014897,,-0.0154133437016728,0.005155093059328375,98,391,,22.0
YAHOOA3__A3Benchmark-TS79,Yahoo,Yahoo-A3,1680,5,0.9852820641081268,0.9910767475757216,0.005794683467594819,True,True,False,0.029174905161014897,0.023380221693420078,-0.0154133437016728,,240,249,137.0,
YAHOOA3__A3Benchmark-TS8,Yahoo,Yahoo-A3,1680,4,0.9494347033169588,0.964288515103484,0.014853811786525228,True,True,False,0.029174905161014897,0.014321093374489668,-0.0154133437016728,,275,214,85.0,
YAHOOA3__A3Benchmark-TS80,Yahoo,Yahoo-A3,1680,13,0.9660755349976564,0.990441431471201,0.02436589647354459,True,True,False,0.029174905161014897,0.004809008687470306,-0.0154133437016728,,311,178,22.0,
YAHOOA3__A3Benchmark-TS81,Yahoo,Yahoo-A3,1680,12,0.9950847360215036,0.9981629342421682,0.003078198220664574,True,True,False,0.029174905161014897,0.026096706940350323,-0.0154133437016728,,209,280,170.0,
YAHOOA3__A3Benchmark-TS82,Yahoo,Yahoo-A3,1680,7,0.8238643459666037,0.8395373951409719,0.01567304917436818,True,True,False,0.029174905161014897,0.013501855986646716,-0.0154133437016728,,279,210,79.0,
YAHOOA3__A3Benchmark-TS83,Yahoo,Yahoo-A3,1680,12,0.9925305981536644,0.9830060058829754,-0.009524592270689025,True,False,True,0.029174905161014897,,-0.0154133437016728,0.005888751430983774,100,389,,26.0
YAHOOA3__A3Benchmark-TS84,Yahoo,Yahoo-A3,1680,5,0.9789495121610562,0.8588837870545919,-0.1200657251064643,True,False,True,0.029174905161014897,,-0.0154133437016728,0.1046523814047915,15,474,,146.0
YAHOOA3__A3Benchmark-TS85,Yahoo,Yahoo-A3,1680,8,0.9751366037123902,0.9752214040970932,8.480038470304319e-05,True,True,False,0.029174905161014897,0.029090104776311854,-0.0154133437016728,,163,326,222.0,
YAHOOA3__A3Benchmark-TS86,Yahoo,Yahoo-A3,1680,13,0.9871559788491608,0.999156531837794,0.012000552988633117,True,True,False,0.029174905161014897,0.01717435217238178,-0.0154133437016728,,266,223,100.0,
YAHOOA3__A3Benchmark-TS87,Yahoo,Yahoo-A3,1680,7,0.9999606906546672,0.9983873297732448,-0.0015733608814223476,True,False,True,0.029174905161014897,,-0.0154133437016728,0.013839982820250452,131,358,,65.0
YAHOOA3__A3Benchmark-TS88,Yahoo,Yahoo-A3,1680,12,0.795065142908569,0.8650279935487837,0.06996285064021468,True,True,False,0.029174905161014897,0.04078794547919978,-0.0154133437016728,,401,88,241.0,
YAHOOA3__A3Benchmark-TS89,Yahoo,Yahoo-A3,1680,14,0.9911989877075876,0.9898327873338668,-0.0013662003737208162,True,False,True,0.029174905161014897,,-0.0154133437016728,0.014047143327951983,134,355,,68.0
YAHOOA3__A3Benchmark-TS9,Yahoo,Yahoo-A3,1680,10,0.98486475821486,0.9913171501946504,0.006452391979790417,True,True,False,0.029174905161014897,0.02272251318122448,-0.0154133437016728,,241,248,134.0,
YAHOOA3__A3Benchmark-TS90,Yahoo,Yahoo-A3,1680,10,0.9989266478994248,0.9976679604166988,-0.0012586874827259509,True,False,True,0.029174905161014897,,-0.0154133437016728,0.014154656218946848,136,353,,71.0
YAHOOA3__A3Benchmark-TS91,Yahoo,Yahoo-A3,1680,5,0.975002217263217,0.977858669444766,0.002856452181548952,True,True,False,0.029174905161014897,0.026318452979465945,-0.0154133437016728,,208,281,172.0,
YAHOOA3__A3Benchmark-TS92,Yahoo,Yahoo-A3,1680,8,0.967532157480046,0.9730223205183832,0.00549016303833727,True,True,False,0.029174905161014897,0.023684742122677627,-0.0154133437016728,,232,257,145.0,
YAHOOA3__A3Benchmark-TS93,Yahoo,Yahoo-A3,1680,15,0.9810711468658728,0.98514348693679,0.004072340070917169,True,True,False,0.029174905161014897,0.025102565090097728,-0.0154133437016728,,220,269,158.0,
YAHOOA3__A3Benchmark-TS94,Yahoo,Yahoo-A3,1680,3,0.7190678927678381,0.7961150355554153,0.07704714278757718,True,True,False,0.029174905161014897,0.047872237626562286,-0.0154133437016728,,410,79,250.0,
YAHOOA3__A3Benchmark-TS95,Yahoo,Yahoo-A3,1680,16,0.9792353586490944,0.9910953884266366,0.011860029777542191,True,True,False,0.029174905161014897,0.017314875383472705,-0.0154133437016728,,265,224,101.0,
YAHOOA3__A3Benchmark-TS96,Yahoo,Yahoo-A3,1680,5,0.9245639281410364,0.9593816561308166,0.03481772798978022,True,True,False,0.029174905161014897,0.005642822828765326,-0.0154133437016728,,336,153,30.0,
YAHOOA3__A3Benchmark-TS97,Yahoo,Yahoo-A3,1680,10,0.9854278197373864,0.984953744463264,-0.0004740752741223542,True,False,True,0.029174905161014897,,-0.0154133437016728,0.014939268427550445,143,346,,79.0
YAHOOA3__A3Benchmark-TS98,Yahoo,Yahoo-A3,1680,13,0.9957714708596612,0.9960684173644996,0.00029694650483835794,True,True,False,0.029174905161014897,0.02887795865617654,-0.0154133437016728,,172,317,213.0,
YAHOOA3__A3Benchmark-TS99,Yahoo,Yahoo-A3,1680,11,0.9726921766867422,0.9852497268342988,0.012557550147556551,True,True,False,0.029174905161014897,0.016617355013458346,-0.0154133437016728,,269,220,96.0,
YAHOOA4__A4Benchmark-TS1,Yahoo,Yahoo-A4,1680,13,0.8334560708010512,0.8567070662933428,0.023250995492291593,True,True,False,0.029174905161014897,0.005923909668723304,-0.0154133437016728,,306,183,32.0,
YAHOOA4__A4Benchmark-TS10,Yahoo,Yahoo-A4,1680,4,0.3244260763278398,0.3111601608481535,-0.013265915479686308,True,False,True,0.029174905161014897,,-0.0154133437016728,0.0021474282219864915,87,402,,9.0
YAHOOA4__A4Benchmark-TS100,Yahoo,Yahoo-A4,1680,7,0.9673925013348268,0.9675158219119744,0.00012332057714758982,True,True,False,0.029174905161014897,0.029051584583867307,-0.0154133437016728,,169,320,216.0,
YAHOOA4__A4Benchmark-TS11,Yahoo,Yahoo-A4,1680,5,0.9930099814890282,0.9978995865810484,0.004889605092020188,True,True,False,0.029174905161014897,0.02428530006899471,-0.0154133437016728,,227,262,150.0,
YAHOOA4__A4Benchmark-TS12,Yahoo,Yahoo-A4,1680,5,0.9413842233742076,0.940294374067002,-0.0010898493072055704,True,False,True,0.029174905161014897,,-0.0154133437016728,0.014323494394467229,140,349,,75.0
YAHOOA4__A4Benchmark-TS13,Yahoo,Yahoo-A4,1680,14,0.9945709547829724,0.9970425775970478,0.002471622814075425,True,True,False,0.029174905161014897,0.026703282346939472,-0.0154133437016728,,201,288,179.0,
YAHOOA4__A4Benchmark-TS14,Yahoo,Yahoo-A4,1680,11,0.9965099887594424,1.0,0.003490011240557589,True,True,False,0.029174905161014897,0.025684893920457308,-0.0154133437016728,,212,277,166.0,
YAHOOA4__A4Benchmark-TS15,Yahoo,Yahoo-A4,1680,9,0.9994854342973554,1.0,0.0005145657026446315,True,True,False,0.029174905161014897,0.028660339458370265,-0.0154133437016728,,177,312,208.0,
YAHOOA4__A4Benchmark-TS16,Yahoo,Yahoo-A4,1680,1,0.4607412539895081,0.4612888206341347,0.0005475666446265737,True,True,False,0.029174905161014897,0.028627338516388323,-0.0154133437016728,,178,311,207.0,
YAHOOA4__A4Benchmark-TS17,Yahoo,Yahoo-A4,1680,10,0.9998908839446512,0.9998799546704468,-1.0929274204429795e-05,True,False,True,0.029174905161014897,,-0.0154133437016728,0.01540241442746837,153,336,,89.0
YAHOOA4__A4Benchmark-TS18,Yahoo,Yahoo-A4,1680,1,0.2925426020025115,0.2609280875155871,-0.03161451448692437,True,False,True,0.029174905161014897,,-0.0154133437016728,0.016201170785251573,63,426,,98.0
YAHOOA4__A4Benchmark-TS19,Yahoo,Yahoo-A4,1680,12,0.9719940058103268,0.9685062855079856,-0.003487720302341235,True,False,True,0.029174905161014897,,-0.0154133437016728,0.011925623399331564,120,369,,52.0
YAHOOA4__A4Benchmark-TS2,Yahoo,Yahoo-A4,1680,5,0.904167067281461,0.9714761259914096,0.06730905870994863,True,True,False,0.029174905161014897,0.038134153548933736,-0.0154133437016728,,397,92,237.0,
YAHOOA4__A4Benchmark-TS20,Yahoo,Yahoo-A4,1680,13,0.9953308789755596,0.9971523767907998,0.001821497815240214,True,True,False,0.029174905161014897,0.027353407345774683,-0.0154133437016728,,193,296,189.0,
YAHOOA4__A4Benchmark-TS21,Yahoo,Yahoo-A4,1680,13,0.9731078130842428,0.9907433398209842,0.017635526736741403,True,True,False,0.029174905161014897,0.011539378424273494,-0.0154133437016728,,286,203,68.0,
YAHOOA4__A4Benchmark-TS22,Yahoo,Yahoo-A4,1680,10,0.9999476993248592,0.9997604352899278,-0.00018726403493141142,True,False,True,0.029174905161014897,,-0.0154133437016728,0.015226079666741388,148,341,,84.0
YAHOOA4__A4Benchmark-TS23,Yahoo,Yahoo-A4,1680,4,0.7311902832137617,0.7129485327323546,-0.018241750481407082,True,False,True,0.029174905161014897,,-0.0154133437016728,0.0028284067797342827,78,411,,11.0
YAHOOA4__A4Benchmark-TS24,Yahoo,Yahoo-A4,1680,9,0.9565543099846416,0.8878321518064216,-0.06872215817822003,True,False,True,0.029174905161014897,,-0.0154133437016728,0.05330881447654723,31,458,,130.0
YAHOOA4__A4Benchmark-TS25,Yahoo,Yahoo-A4,1680,11,0.9990913385486284,0.9988291264849312,-0.0002622120636972536,True,False,True,0.029174905161014897,,-0.0154133437016728,0.015151131637975546,146,343,,82.0
YAHOOA4__A4Benchmark-TS26,Yahoo,Yahoo-A4,1680,2,0.1394421143260111,0.1356605771503067,-0.0037815371757044247,True,False,True,0.029174905161014897,,-0.0154133437016728,0.011631806525968374,119,370,,50.0
YAHOOA4__A4Benchmark-TS27,Yahoo,Yahoo-A4,1680,15,0.9998156659112089,0.996786201664919,-0.0030294642462898036,True,False,True,0.029174905161014897,,-0.0154133437016728,0.012383879455382996,123,366,,57.0
YAHOOA4__A4Benchmark-TS28,Yahoo,Yahoo-A4,1680,12,0.9861167804635071,0.9945303348691034,0.008413554405596213,True,True,False,0.029174905161014897,0.020761350755418684,-0.0154133437016728,,249,240,123.0,
YAHOOA4__A4Benchmark-TS29,Yahoo,Yahoo-A4,1680,14,0.9974731086489996,0.9984811802706632,0.0010080716216636088,True,True,False,0.029174905161014897,0.028166833539351288,-0.0154133437016728,,182,307,202.0,
YAHOOA4__A4Benchmark-TS3,Yahoo,Yahoo-A4,1680,6,0.9789037078841432,1.0,0.02109629211585684,True,True,False,0.029174905161014897,0.008078613045158056,-0.0154133437016728,,298,191,43.0,
YAHOOA4__A4Benchmark-TS30,Yahoo,Yahoo-A4,1680,5,0.9159115319649648,0.9016304460348028,-0.014281085930161974,True,False,True,0.029174905161014897,,-0.0154133437016728,0.001132257771510825,84,405,,5.0
YAHOOA4__A4Benchmark-TS31,Yahoo,Yahoo-A4,1680,4,0.934740541375834,0.9402885632061738,0.0055480218303398665,True,True,False,0.029174905161014897,0.02362688333067503,-0.0154133437016728,,234,255,143.0,
YAHOOA4__A4Benchmark-TS32,Yahoo,Yahoo-A4,1680,11,0.8543300663882418,0.8064882130283698,-0.04784185335987201,True,False,True,0.029174905161014897,,-0.0154133437016728,0.03242850965819921,46,443,,115.0
YAHOOA4__A4Benchmark-TS33,Yahoo,Yahoo-A4,1680,4,0.998074494173527,1.0,0.0019255058264729952,True,True,False,0.029174905161014897,0.0272493993345419,-0.0154133437016728,,196,293,185.0,
YAHOOA4__A4Benchmark-TS34,Yahoo,Yahoo-A4,1680,8,0.9964093369215288,0.9959158009956306,-0.0004935359258981808,True,False,True,0.029174905161014897,,-0.0154133437016728,0.014919807775774618,142,347,,78.0
YAHOOA4__A4Benchmark-TS35,Yahoo,Yahoo-A4,1680,12,1.0,1.0,0.0,True,False,True,0.029174905161014897,,-0.0154133437016728,0.0154133437016728,156,331,,92.0
YAHOOA4__A4Benchmark-TS36,Yahoo,Yahoo-A4,1680,15,0.999095777674258,1.0,0.0009042223257420545,True,True,False,0.029174905161014897,0.028270682835272842,-0.0154133437016728,,181,308,203.0,
YAHOOA4__A4Benchmark-TS37,Yahoo,Yahoo-A4,1680,3,0.2432705976354004,0.4334280984513475,0.1901575008159471,True,True,False,0.029174905161014897,0.1609825956549322,-0.0154133437016728,,468,21,308.0,
YAHOOA4__A4Benchmark-TS38,Yahoo,Yahoo-A4,1680,9,0.5417487120557708,0.8084371592423388,0.26668844718656803,True,True,False,0.029174905161014897,0.23751354202555314,-0.0154133437016728,,480,9,320.0,
YAHOOA4__A4Benchmark-TS39,Yahoo,Yahoo-A4,1680,16,0.9979476694294156,0.9982936719637424,0.00034600253432681694,True,True,False,0.029174905161014897,0.02882890262668808,-0.0154133437016728,,173,316,212.0,
YAHOOA4__A4Benchmark-TS4,Yahoo,Yahoo-A4,1680,6,0.8113479418532806,0.8587594035054893,0.047411461652208664,True,True,False,0.029174905161014897,0.018236556491193767,-0.0154133437016728,,367,123,106.0,
YAHOOA4__A4Benchmark-TS40,Yahoo,Yahoo-A4,1680,6,0.380756254153119,0.6043918819553173,0.22363562780219837,True,True,False,0.029174905161014897,0.19446072264118347,-0.0154133437016728,,476,13,316.0,
YAHOOA4__A4Benchmark-TS41,Yahoo,Yahoo-A4,1680,13,0.9766123226441342,0.9697252249669626,-0.006887097677171661,True,False,True,0.029174905161014897,,-0.0154133437016728,0.008526246024501138,109,380,,37.0
YAHOOA4__A4Benchmark-TS42,Yahoo,Yahoo-A4,1680,4,0.9925660990534512,0.9807065736761844,-0.011859525377266755,True,False,True,0.029174905161014897,,-0.0154133437016728,0.003553818324406044,90,399,,13.0
YAHOOA4__A4Benchmark-TS43,Yahoo,Yahoo-A4,1680,11,0.9937365843967974,0.9950235950622972,0.0012870106654998548,True,True,False,0.029174905161014897,0.027887894495515042,-0.0154133437016728,,187,302,197.0,
YAHOOA4__A4Benchmark-TS44,Yahoo,Yahoo-A4,1680,16,0.7155402995836533,0.7723759123283843,0.056835612744731034,True,True,False,0.029174905161014897,0.027660707583716138,-0.0154133437016728,,383,106,194.0,
YAHOOA4__A4Benchmark-TS45,Yahoo,Yahoo-A4,1680,7,0.3593327952044334,0.4098842552256782,0.050551460021244776,True,True,False,0.029174905161014897,0.02137655486022988,-0.0154133437016728,,372,117,126.0,
YAHOOA4__A4Benchmark-TS46,Yahoo,Yahoo-A4,1680,9,0.9699156877178676,0.9980498931240028,0.028134205406135204,True,True,False,0.029174905161014897,0.0010406997548796926,-0.0154133437016728,,323,166,3.0,
YAHOOA4__A4Benchmark-TS47,Yahoo,Yahoo-A4,1680,1,0.9999029060761232,0.9999982217536316,9.531567750842296e-05,True,True,False,0.029174905161014897,0.029079589483506474,-0.0154133437016728,,166,323,219.0,
YAHOOA4__A4Benchmark-TS48,Yahoo,Yahoo-A4,1680,12,0.99874564684055,0.9987727583591413,2.7111518591249606e-05,True,True,False,0.029174905161014897,0.029147793642423647,-0.0154133437016728,,162,327,223.0,
YAHOOA4__A4Benchmark-TS49,Yahoo,Yahoo-A4,1680,9,0.4379936491008265,0.4496244039936675,0.011630754892840989,True,True,False,0.029174905161014897,0.017544150268173908,-0.0154133437016728,,263,226,103.0,
YAHOOA4__A4Benchmark-TS5,Yahoo,Yahoo-A4,1680,6,0.8325131190154379,0.836576643435314,0.004063524419876119,True,True,False,0.029174905161014897,0.025111380741138778,-0.0154133437016728,,219,270,159.0,
YAHOOA4__A4Benchmark-TS50,Yahoo,Yahoo-A4,1680,7,0.99429005311719,0.9980046046751632,0.003714551557973178,True,True,False,0.029174905161014897,0.02546035360304172,-0.0154133437016728,,215,274,163.0,
YAHOOA4__A4Benchmark-TS51,Yahoo,Yahoo-A4,1680,1,0.2574306523359452,0.2494051180017112,-0.008025534334234002,True,False,True,0.029174905161014897,,-0.0154133437016728,0.007387809367438797,106,383,,33.0
YAHOOA4__A4Benchmark-TS52,Yahoo,Yahoo-A4,1680,11,0.9860491726737738,0.976708006734444,-0.009341165939329765,True,False,True,0.029174905161014897,,-0.0154133437016728,0.006072177762343034,101,388,,27.0
YAHOOA4__A4Benchmark-TS53,Yahoo,Yahoo-A4,1680,2,0.778887953179303,0.7246540420661969,-0.05423391111310616,True,False,True,0.029174905161014897,,-0.0154133437016728,0.03882056741143336,42,447,,119.0
YAHOOA4__A4Benchmark-TS54,Yahoo,Yahoo-A4,1680,3,0.8246433500305644,0.8733080881698065,0.0486647381392421,True,True,False,0.029174905161014897,0.019489832978227206,-0.0154133437016728,,370,119,113.0,
YAHOOA4__A4Benchmark-TS55,Yahoo,Yahoo-A4,1680,2,0.6180047565997085,0.254679282494382,-0.36332547410532656,True,False,True,0.029174905161014897,,-0.0154133437016728,0.34791213040365376,3,486,,158.0
YAHOOA4__A4Benchmark-TS56,Yahoo,Yahoo-A4,1680,16,0.9659618083755972,0.9811268857663656,0.015165077390768444,True,True,False,0.029174905161014897,0.014009827770246452,-0.0154133437016728,,277,212,83.0,
YAHOOA4__A4Benchmark-TS57,Yahoo,Yahoo-A4,1680,6,0.5895758984875893,0.5530980819950767,-0.03647781649251258,True,False,True,0.029174905161014897,,-0.0154133437016728,0.021064472790839783,52,437,,109.0
YAHOOA4__A4Benchmark-TS58,Yahoo,Yahoo-A4,1680,8,0.7160236735542379,0.7067193956058182,-0.009304277948419704,True,False,True,0.029174905161014897,,-0.0154133437016728,0.006109065753253096,102,387,,28.0
YAHOOA4__A4Benchmark-TS59,Yahoo,Yahoo-A4,1680,1,0.55636625282811,0.1448949794587738,-0.4114712733693362,True,False,True,0.029174905161014897,,-0.0154133437016728,0.3960579296676634,2,487,,159.0
YAHOOA4__A4Benchmark-TS6,Yahoo,Yahoo-A4,1680,8,0.6379251998153443,0.6555094339174087,0.017584234102064333,True,True,False,0.029174905161014897,0.011590671058950563,-0.0154133437016728,,285,204,69.0,
YAHOOA4__A4Benchmark-TS60,Yahoo,Yahoo-A4,1680,3,0.8380222906573757,0.8019004511322049,-0.036121839525170785,True,False,True,0.029174905161014897,,-0.0154133437016728,0.020708495823497985,54,435,,107.0
YAHOOA4__A4Benchmark-TS61,Yahoo,Yahoo-A4,1680,3,0.9087413870111352,0.928198419982324,0.019457032971188837,True,True,False,0.029174905161014897,0.00971787218982606,-0.0154133437016728,,294,195,52.0,
YAHOOA4__A4Benchmark-TS62,Yahoo,Yahoo-A4,1680,14,0.965313770201662,0.862341686227974,-0.10297208397368796,True,False,True,0.029174905161014897,,-0.0154133437016728,0.08755874027201516,20,469,,141.0
YAHOOA4__A4Benchmark-TS63,Yahoo,Yahoo-A4,1680,7,0.9823831864239752,0.9819631390361444,-0.00042004738783074647,True,False,True,0.029174905161014897,,-0.0154133437016728,0.014993296313842053,144,345,,80.0
YAHOOA4__A4Benchmark-TS64,Yahoo,Yahoo-A4,1680,5,0.9420208978670828,0.9468833626363252,0.004862464769242458,True,True,False,0.029174905161014897,0.02431244039177244,-0.0154133437016728,,226,263,151.0,
YAHOOA4__A4Benchmark-TS65,Yahoo,Yahoo-A4,1680,15,0.8823857520660726,0.8166427964494535,-0.06574295561661914,True,False,True,0.029174905161014897,,-0.0154133437016728,0.05032961191494634,33,456,,128.0
YAHOOA4__A4Benchmark-TS66,Yahoo,Yahoo-A4,1680,1,0.6101752409183548,0.7012865159615368,0.09111127504318195,True,True,False,0.029174905161014897,0.06193636988216705,-0.0154133437016728,,422,67,262.0,
YAHOOA4__A4Benchmark-TS67,Yahoo,Yahoo-A4,1680,14,0.99481406201699,0.9981573869349188,0.0033433249179288804,True,True,False,0.029174905161014897,0.025831580243086016,-0.0154133437016728,,211,278,167.0,
YAHOOA4__A4Benchmark-TS68,Yahoo,Yahoo-A4,1680,1,0.5132580379051024,0.4644693678990947,-0.04878867000600767,True,False,True,0.029174905161014897,,-0.0154133437016728,0.033375326304334874,45,444,,116.0
YAHOOA4__A4Benchmark-TS69,Yahoo,Yahoo-A4,1680,2,0.7673450527566003,0.77424525271263,0.006900199956029751,True,True,False,0.029174905161014897,0.022274705204985146,-0.0154133437016728,,243,246,132.0,
YAHOOA4__A4Benchmark-TS7,Yahoo,Yahoo-A4,1680,14,0.9303963694500088,0.9286817344588286,-0.0017146349911801861,True,False,True,0.029174905161014897,,-0.0154133437016728,0.013698708710492613,129,360,,63.0
YAHOOA4__A4Benchmark-TS70,Yahoo,Yahoo-A4,1680,4,0.992024072165763,0.9948245669476647,0.0028004947819016968,True,True,False,0.029174905161014897,0.0263744103791132,-0.0154133437016728,,206,283,174.0,
YAHOOA4__A4Benchmark-TS71,Yahoo,Yahoo-A4,1680,10,1.0,1.0,0.0,True,False,True,0.029174905161014897,,-0.0154133437016728,0.0154133437016728,157,332,,93.0
YAHOOA4__A4Benchmark-TS72,Yahoo,Yahoo-A4,1680,5,0.702712946385345,0.7031894220149393,0.00047647562959429735,True,True,False,0.029174905161014897,0.0286984295314206,-0.0154133437016728,,175,314,210.0,
YAHOOA4__A4Benchmark-TS73,Yahoo,Yahoo-A4,1680,5,0.8310047944955807,0.9292613869530004,0.09825659245741969,True,True,False,0.029174905161014897,0.06908168729640479,-0.0154133437016728,,426,63,266.0,
YAHOOA4__A4Benchmark-TS74,Yahoo,Yahoo-A4,1680,2,0.4454244295969994,0.4003261807066339,-0.04509824889036551,True,False,True,0.029174905161014897,,-0.0154133437016728,0.029684905188692712,47,442,,114.0
YAHOOA4__A4Benchmark-TS75,Yahoo,Yahoo-A4,1680,13,0.9720980294926532,0.9176758889405546,-0.0544221405520986,True,False,True,0.029174905161014897,,-0.0154133437016728,0.0390087968504258,41,448,,120.0
YAHOOA4__A4Benchmark-TS76,Yahoo,Yahoo-A4,1680,11,0.9802930285397812,0.9857570687286976,0.005464040188916441,True,True,False,0.029174905161014897,0.023710864972098455,-0.0154133437016728,,231,258,146.0,
YAHOOA4__A4Benchmark-TS77,Yahoo,Yahoo-A4,1680,13,0.9664571916550988,0.971591417207539,0.0051342255524402525,True,True,False,0.029174905161014897,0.024040679608574644,-0.0154133437016728,,229,260,148.0,
YAHOOA4__A4Benchmark-TS78,Yahoo,Yahoo-A4,1680,13,1.0,0.9984508045611404,-0.001549195438859563,True,False,True,0.029174905161014897,,-0.0154133437016728,0.013864148262813236,132,357,,66.0
YAHOOA4__A4Benchmark-TS79,Yahoo,Yahoo-A4,1680,3,0.4018838655119238,0.4043601671168929,0.002476301604969089,True,True,False,0.029174905161014897,0.026698603556045808,-0.0154133437016728,,202,287,178.0,
YAHOOA4__A4Benchmark-TS8,Yahoo,Yahoo-A4,1680,13,0.7035847781957977,0.8096112296641765,0.10602645146837886,True,True,False,0.029174905161014897,0.07685154630736396,-0.0154133437016728,,430,59,270.0,
YAHOOA4__A4Benchmark-TS80,Yahoo,Yahoo-A4,1680,12,0.9860938245084524,0.9744070053403254,-0.011686819168126972,True,False,True,0.029174905161014897,,-0.0154133437016728,0.0037265245335458275,92,397,,15.0
YAHOOA4__A4Benchmark-TS81,Yahoo,Yahoo-A4,1680,9,1.0,1.0,0.0,True,False,True,0.029174905161014897,,-0.0154133437016728,0.0154133437016728,158,333,,94.0
YAHOOA4__A4Benchmark-TS82,Yahoo,Yahoo-A4,1680,14,0.9951829871436066,0.9950956061024906,-8.73810411160525e-05,True,False,True,0.029174905161014897,,-0.0154133437016728,0.015325962660556747,149,340,,85.0
YAHOOA4__A4Benchmark-TS83,Yahoo,Yahoo-A4,1680,3,0.9986924778591778,1.0,0.0013075221408221926,True,True,False,0.029174905161014897,0.027867383020192704,-0.0154133437016728,,189,300,195.0,
YAHOOA4__A4Benchmark-TS84,Yahoo,Yahoo-A4,1680,3,0.9954133078143764,0.9995178452865384,0.004104537472161995,True,True,False,0.029174905161014897,0.0250703676888529,-0.0154133437016728,,221,268,157.0,
YAHOOA4__A4Benchmark-TS85,Yahoo,Yahoo-A4,1680,16,0.9983289136603614,0.9994365527056652,0.0011076390453038654,True,True,False,0.029174905161014897,0.02806726611571103,-0.0154133437016728,,183,306,201.0,
YAHOOA4__A4Benchmark-TS86,Yahoo,Yahoo-A4,1680,15,0.968116441384221,0.957191132659765,-0.010925308724456073,True,False,True,0.029174905161014897,,-0.0154133437016728,0.004488034977216726,95,394,,18.0
YAHOOA4__A4Benchmark-TS87,Yahoo,Yahoo-A4,1680,1,0.7015865327552913,0.7843507994410797,0.0827642666857884,True,True,False,0.029174905161014897,0.053589361524773504,-0.0154133437016728,,418,71,258.0,
YAHOOA4__A4Benchmark-TS88,Yahoo,Yahoo-A4,1680,13,0.9969301441969844,0.9980507835632648,0.0011206393662803737,True,True,False,0.029174905161014897,0.028054265794734523,-0.0154133437016728,,184,305,200.0,
YAHOOA4__A4Benchmark-TS89,Yahoo,Yahoo-A4,1680,9,0.98024729226394,0.9714536554837616,-0.008793636780178415,True,False,True,0.029174905161014897,,-0.0154133437016728,0.006619706921494384,104,385,,30.0
YAHOOA4__A4Benchmark-TS9,Yahoo,Yahoo-A4,1680,1,1.0,1.0,0.0,True,False,True,0.029174905161014897,,-0.0154133437016728,0.0154133437016728,159,334,,95.0
YAHOOA4__A4Benchmark-TS90,Yahoo,Yahoo-A4,1680,12,0.9913124398676232,0.9998301318293752,0.008517691961752005,True,True,False,0.029174905161014897,0.02065721319926289,-0.0154133437016728,,252,237,120.0,
YAHOOA4__A4Benchmark-TS91,Yahoo,Yahoo-A4,1680,12,0.9905557697697256,0.9943162591785252,0.0037604894087995833,True,True,False,0.029174905161014897,0.025414415752215314,-0.0154133437016728,,216,273,162.0,
YAHOOA4__A4Benchmark-TS92,Yahoo,Yahoo-A4,1680,15,0.9538923528605016,0.982054245609326,0.028161892748824413,True,True,False,0.029174905161014897,0.0010130124121904838,-0.0154133437016728,,324,165,1.0,
YAHOOA4__A4Benchmark-TS93,Yahoo,Yahoo-A4,1680,6,0.9998449884083508,0.9992280693897062,-0.0006169190186445794,True,False,True,0.029174905161014897,,-0.0154133437016728,0.01479642468302822,141,348,,77.0
YAHOOA4__A4Benchmark-TS94,Yahoo,Yahoo-A4,1680,13,0.9972811417925256,0.99611431289781,-0.0011668288947155325,True,False,True,0.029174905161014897,,-0.0154133437016728,0.014246514806957267,139,350,,74.0
YAHOOA4__A4Benchmark-TS95,Yahoo,Yahoo-A4,1680,5,0.943212433023276,0.9443844123865816,0.0011719793633055975,True,True,False,0.029174905161014897,0.0280029257977093,-0.0154133437016728,,185,304,199.0,
YAHOOA4__A4Benchmark-TS96,Yahoo,Yahoo-A4,1680,2,1.0,0.9999312238560704,-6.87761439296386e-05,True,False,True,0.029174905161014897,,-0.0154133437016728,0.01534456755774316,150,339,,86.0
YAHOOA4__A4Benchmark-TS97,Yahoo,Yahoo-A4,1680,16,0.9911510297319056,0.9757664029151234,-0.01538462681678221,True,False,True,0.029174905161014897,,-0.0154133437016728,2.8716884890589434e-05,81,408,,2.0
YAHOOA4__A4Benchmark-TS98,Yahoo,Yahoo-A4,1680,15,0.9898174791635166,0.9560426911104054,-0.03377478805311118,True,False,True,0.029174905161014897,,-0.0154133437016728,0.018361444351438383,61,428,,100.0
YAHOOA4__A4Benchmark-TS99,Yahoo,Yahoo-A4,1680,16,0.9992137289476084,0.9999150533888408,0.0007013244412323871,True,True,False,0.029174905161014897,0.02847358071978251,-0.0154133437016728,,179,310,205.0,
artificialWithAnomaly__art_daily_flatmiddle,NAB,NAB-Artificial,4032,403,0.605707779186197,0.5780571050386684,-0.027650674147528642,True,False,True,0.029174905161014897,,-0.0154133437016728,0.012237330445855843,67,422,,55.0
artificialWithAnomaly__art_daily_jumpsdown,NAB,NAB-Artificial,4032,403,0.3837856669413285,0.3397591338984967,-0.04402653304283177,True,False,True,0.029174905161014897,,-0.0154133437016728,0.028613189341158973,48,441,,113.0
artificialWithAnomaly__art_daily_jumpsup,NAB,NAB-Artificial,4032,403,0.3814248849695451,0.4670983531456383,0.08567346817609323,True,True,False,0.029174905161014897,0.05649856301507833,-0.0154133437016728,,421,68,261.0,
artificialWithAnomaly__art_daily_nojump,NAB,NAB-Artificial,4032,403,0.352362555031577,0.3581082591363708,0.005745704104793803,True,True,False,0.029174905161014897,0.023429201056221094,-0.0154133437016728,,238,251,139.0,
artificialWithAnomaly__art_increase_spike_density,NAB,NAB-Artificial,4032,403,0.6362317632349934,0.6284226113303478,-0.007809151904645595,True,False,True,0.029174905161014897,,-0.0154133437016728,0.007604191797027204,107,382,,34.0
artificialWithAnomaly__art_load_balancer_spikes,NAB,NAB-Artificial,4032,403,0.745990405866566,0.7227237404236988,-0.02326666544286715,True,False,True,0.029174905161014897,,-0.0154133437016728,0.007853321741194352,73,416,,35.0
realAWSCloudwatch__ec2_cpu_utilization_24ae8d,NAB,NAB-AWS,4032,402,0.2238323037631481,0.249416574795934,0.025584271032785877,True,True,False,0.029174905161014897,0.00359063412822902,-0.0154133437016728,,314,175,17.0,
realAWSCloudwatch__ec2_cpu_utilization_53ea38,NAB,NAB-AWS,4032,402,0.7263363753696704,0.7436260940460531,0.017289718676382626,True,True,False,0.029174905161014897,0.01188518648463227,-0.0154133437016728,,283,206,71.0,
realAWSCloudwatch__ec2_cpu_utilization_5f5533,NAB,NAB-AWS,4032,402,0.9975578844596774,0.9860220653246766,-0.011535819135000791,True,False,True,0.029174905161014897,,-0.0154133437016728,0.003877524566672008,93,396,,16.0
realAWSCloudwatch__ec2_cpu_utilization_77c1ca,NAB,NAB-AWS,4032,403,0.7494078237005342,0.6945649283152939,-0.05484289538524023,True,False,True,0.029174905161014897,,-0.0154133437016728,0.03942955168356743,40,449,,121.0
realAWSCloudwatch__ec2_cpu_utilization_825cc2,NAB,NAB-AWS,4032,343,0.9316469278890894,0.9697164321965982,0.03806950430750877,True,True,False,0.029174905161014897,0.008894599146493876,-0.0154133437016728,,343,146,48.0,
realAWSCloudwatch__ec2_cpu_utilization_ac20cd,NAB,NAB-AWS,4032,403,0.8947434165591195,0.8155334052002187,-0.07921001135890082,True,False,True,0.029174905161014897,,-0.0154133437016728,0.06379666765722802,27,462,,134.0
realAWSCloudwatch__ec2_cpu_utilization_fe7f93,NAB,NAB-AWS,3958,405,0.8804616560735449,0.8873631473564241,0.006901491282879202,True,True,False,0.029174905161014897,0.022273413878135695,-0.0154133437016728,,244,245,131.0,
realAWSCloudwatch__ec2_disk_write_bytes_1ef3de,NAB,NAB-AWS,4730,473,0.4949549712889405,0.8691417559311064,0.3741867846421659,True,True,False,0.029174905161014897,0.34501187948115103,-0.0154133437016728,,483,6,323.0,
realAWSCloudwatch__ec2_disk_write_bytes_c0d644,NAB,NAB-AWS,4032,405,0.5818912116149275,0.8049635633936866,0.22307235177875906,True,True,False,0.029174905161014897,0.19389744661774416,-0.0154133437016728,,474,15,314.0,
realAWSCloudwatch__ec2_network_in_257a54,NAB,NAB-AWS,4032,403,0.5272091000602224,0.5372171389029452,0.010008038842722833,True,True,False,0.029174905161014897,0.019166866318292064,-0.0154133437016728,,258,231,112.0,
realAWSCloudwatch__ec2_network_in_5abac7,NAB,NAB-AWS,4730,474,0.4816404975270679,0.5840556863049154,0.10241518877784755,True,True,False,0.029174905161014897,0.07324028361683266,-0.0154133437016728,,427,62,267.0,
realAWSCloudwatch__elb_request_count_8c0756,NAB,NAB-AWS,4032,402,0.9655754268404853,0.9011515758583794,-0.0644238509821059,True,False,True,0.029174905161014897,,-0.0154133437016728,0.0490105072804331,34,455,,127.0
realAWSCloudwatch__grok_asg_anomaly,NAB,NAB-AWS,4621,465,0.9503956899412696,0.8673319866232903,-0.0830637033179793,True,False,True,0.029174905161014897,,-0.0154133437016728,0.0676503596163065,24,465,,137.0
realAWSCloudwatch__iio_us-east-1_i-a2eb1cd9_NetworkIn,NAB,NAB-AWS,1243,126,0.5890019420174287,0.5799912756185255,-0.009010666398903244,True,False,True,0.029174905161014897,,-0.0154133437016728,0.006402677302769555,103,386,,29.0
realAWSCloudwatch__rds_cpu_utilization_cc0c53,NAB,NAB-AWS,4032,402,1.0,1.0,0.0,True,False,True,0.029174905161014897,,-0.0154133437016728,0.0154133437016728,160,335,,96.0
realAWSCloudwatch__rds_cpu_utilization_e47b3b,NAB,NAB-AWS,4032,402,0.9897249867041744,0.9930043985020592,0.0032794117978848236,True,True,False,0.029174905161014897,0.025895493363130073,-0.0154133437016728,,210,279,168.0,
realAdExchange__exchange-2_cpc_results,NAB,NAB-AdExchange,1624,163,0.6178029962546057,0.6214179466999776,0.003614950445371967,True,True,False,0.029174905161014897,0.02555995471564293,-0.0154133437016728,,214,275,164.0,
realAdExchange__exchange-2_cpm_results,NAB,NAB-AdExchange,1624,162,0.5377306398356557,0.7203662389948153,0.1826355991591596,True,True,False,0.029174905161014897,0.15346069399814471,-0.0154133437016728,,465,24,305.0,
realAdExchange__exchange-3_cpc_results,NAB,NAB-AdExchange,1538,153,0.7134954367097336,0.7361831948951043,0.02268775818537072,True,True,False,0.029174905161014897,0.006487146975644176,-0.0154133437016728,,303,186,36.0,
realAdExchange__exchange-3_cpm_results,NAB,NAB-AdExchange,1538,153,0.5085071920518396,0.5416185574863055,0.03311136543446591,True,True,False,0.029174905161014897,0.003936460273451015,-0.0154133437016728,,331,158,19.0,
realAdExchange__exchange-4_cpm_results,NAB,NAB-AdExchange,1643,164,0.9627533505291778,0.9929412681023831,0.03018791757320538,True,True,False,0.029174905161014897,0.0010130124121904838,-0.0154133437016728,,325,164,2.0,
realTraffic__TravelTime_387,NAB,NAB-Traffic,2500,249,0.8191846630928836,0.8422017393782144,0.023017076285330784,True,True,False,0.029174905161014897,0.006157828875684113,-0.0154133437016728,,304,185,35.0,
realTraffic__TravelTime_451,NAB,NAB-Traffic,2162,217,0.6187425532895906,0.525188302918055,-0.09355425037153564,True,False,True,0.029174905161014897,,-0.0154133437016728,0.07814090666986284,21,468,,140.0
realTraffic__occupancy_6005,NAB,NAB-Traffic,2380,239,0.6105103058315781,0.5363525078551684,-0.07415779797640965,True,False,True,0.029174905161014897,,-0.0154133437016728,0.058744454274736846,29,460,,132.0
realTraffic__occupancy_t4013,NAB,NAB-Traffic,2500,250,0.7147376096523028,0.913912814905174,0.19917520525287113,True,True,False,0.029174905161014897,0.17000030009185624,-0.0154133437016728,,470,19,310.0,
realTraffic__speed_6005,NAB,NAB-Traffic,2500,239,0.6933792791184928,0.8566834750460888,0.16330419592759593,True,True,False,0.029174905161014897,0.13412929076658103,-0.0154133437016728,,460,29,300.0,
realTraffic__speed_7578,NAB,NAB-Traffic,1127,116,0.9128360877276432,0.9682403317010028,0.055404243973359524,True,True,False,0.029174905161014897,0.026229338812344627,-0.0154133437016728,,379,110,171.0,
realTraffic__speed_t4013,NAB,NAB-Traffic,2495,250,0.6683211604795709,0.7357680284098597,0.06744686793028876,True,True,False,0.029174905161014897,0.03827196276927386,-0.0154133437016728,,398,91,238.0,
realTweets__Twitter_volume_AAPL,NAB,NAB-Tweets,15902,1588,0.986881625732394,0.9800395235240672,-0.006842102208326817,True,False,True,0.029174905161014897,,-0.0154133437016728,0.008571241493345982,110,379,,38.0
realTweets__Twitter_volume_AMZN,NAB,NAB-Tweets,15831,1580,0.917486202143036,0.9276499736862984,0.010163771543262423,True,True,False,0.029174905161014897,0.019011133617752474,-0.0154133437016728,,259,230,111.0,
realTweets__Twitter_volume_CRM,NAB,NAB-Tweets,15902,1593,0.8890563561102928,0.891551733625089,0.0024953775147962265,True,True,False,0.029174905161014897,0.02667952764621867,-0.0154133437016728,,203,286,177.0,
realTweets__Twitter_volume_CVS,NAB,NAB-Tweets,15853,1526,0.9599854781847306,0.9653205094046295,0.005335031219898978,True,True,False,0.029174905161014897,0.02383987394111592,-0.0154133437016728,,230,259,147.0,
realTweets__Twitter_volume_FB,NAB,NAB-Tweets,15833,1582,0.7384001717249077,0.7500186570058642,0.011618485280956548,True,True,False,0.029174905161014897,0.01755641988005835,-0.0154133437016728,,262,227,104.0,
realTweets__Twitter_volume_GOOG,NAB,NAB-Tweets,15842,1432,0.774490898698996,0.8002628570709243,0.02577195837192825,True,True,False,0.029174905161014897,0.003402946789086647,-0.0154133437016728,,316,173,15.0,
realTweets__Twitter_volume_IBM,NAB,NAB-Tweets,15893,1590,0.786303657288785,0.8718111482620712,0.08550749097328614,True,True,False,0.029174905161014897,0.05633258581227124,-0.0154133437016728,,420,69,260.0,
realTweets__Twitter_volume_KO,NAB,NAB-Tweets,15851,1587,0.7417406455471266,0.7690822715929162,0.027341626045789602,True,True,False,0.029174905161014897,0.0018332791152252947,-0.0154133437016728,,319,170,8.0,
realTweets__Twitter_volume_PFE,NAB,NAB-Tweets,15858,1588,0.946313604555769,0.9073150753693486,-0.03899852918642033,True,False,True,0.029174905161014897,,-0.0154133437016728,0.02358518548474753,50,439,,111.0
realTweets__Twitter_volume_UPS,NAB,NAB-Tweets,15866,1594,0.9943620608734804,0.9987061447705023,0.0043440838970219,True,True,False,0.029174905161014897,0.024830821263992997,-0.0154133437016728,,223,266,155.0,
